,galaxy,field,sub_field_index,ra_1,ra_2,dec_1,dec_2
0,lmc,LMC100,1,5:20:11.47,5:21:21.46,-69:28:57.0,-69:30:40.7
1,lmc,LMC100,2,5:20:10.50,5:21:19.64,-69:23:13.5,-69:20:16.4
2,lmc,LMC100,3,5:20:11.02,5:21:18.03,-69:14:33.9,-69:13:40.2
3,lmc,LMC100,4,5:20:07.47,5:21:17.46,-69:02:04.3,-69:03:50.9
4,lmc,LMC100,5,5:16:50.20,5:17:57.08,-69:02:22.0,-69:03:25.9
5,lmc,LMC100,6,5:16:47.89,5:17:56.78,-69:13:04.7,-69:12:09.2
6,lmc,LMC100,7,5:16:48.19,5:17:56.40,-69:20:22.9,-69:23:48.0
7,lmc,LMC100,8,5:16:47.02,5:17:57.30,-69:29:13.3,-69:31:06.9
8,lmc,LMC101,1,5:20:10.42,5:21:18.59,-68:53:04.0,-68:56:51.1
9,lmc,LMC101,2,5:20:11.26,5:21:16.58,-68:46:30.9,-68:45:08.1
10,lmc,LMC101,3,5:20:09.45,5:21:15.70,-68:37:23.3,-68:35:30.6
11,lmc,LMC101,4,5:20:09.20,5:21:14.75,-68:30:16.0,-68:25:59.7
12,lmc,LMC101,5,5:16:54.02,5:17:58.95,-68:28:30.4,-68:28:48.5
13,lmc,LMC101,6,5:16:52.79,5:17:58.89,-68:36:29.6,-68:35:42.7
14,lmc,LMC101,7,5:16:53.33,5:17:59.07,-68:44:07.1,-68:47:54.9
15,lmc,LMC101,8,5:16:52.82,5:18:00.01,-68:54:17.5,-68:56:25.9
16,lmc,LMC102,1,5:20:10.83,5:21:16.08,-68:21:58.4,-68:19:46.5
17,lmc,LMC102,2,5:20:09.54,5:21:13.35,-68:10:13.3,-68:05:46.8
18,lmc,LMC102,3,5:20:07.73,5:21:12.45,-67:56:29.8,-67:59:41.2
19,lmc,LMC102,4,5:20:07.85,5:21:12.58,-67:52:33.5,-67:52:54.6
20,lmc,LMC102,5,5:16:57.98,5:18:00.94,-67:51:54.2,-67:49:33.3
21,lmc,LMC102,6,5:16:56.89,5:18:02.75,-68:00:59.2,-67:55:46.1
22,lmc,LMC102,7,5:16:56.28,5:18:02.45,-68:06:17.1,-68:08:27.7
23,lmc,LMC102,8,5:16:55.24,5:18:02.16,-68:18:31.9,-68:20:02.2
24,lmc,LMC103,1,5:20:16.61,5:21:27.12,-70:06:40.0,-70:04:29.4
25,lmc,LMC103,2,5:20:16.02,5:21:26.23,-69:56:39.7,-69:54:44.7
26,lmc,LMC103,3,5:20:15.63,5:21:25.36,-69:50:14.3,-69:46:37.2
27,lmc,LMC103,4,5:20:14.27,5:21:23.60,-69:38:02.3,-69:38:34.0
28,lmc,LMC103,5,5:16:48.78,5:17:57.54,-69:37:19.0,-69:37:20.9
29,lmc,LMC103,6,5:16:47.66,5:17:59.11,-69:50:08.7,-69:49:01.2
30,lmc,LMC103,7,5:16:46.80,5:17:58.11,-69:58:03.3,-69:58:56.4
31,lmc,LMC103,8,5:16:46.51,5:17:58.17,-70:07:03.1,-70:06:14.7
32,lmc,LMC104,1,5:20:16.55,5:21:30.40,-70:43:32.8,-70:41:56.7
33,lmc,LMC104,2,5:20:14.76,5:21:27.92,-70:30:50.9,-70:34:42.7
34,lmc,LMC104,3,5:20:13.32,5:21:26.87,-70:23:18.1,-70:22:54.8
35,lmc,LMC104,4,5:20:13.12,5:21:26.01,-70:14:03.8,-70:16:34.2
36,lmc,LMC104,5,5:16:41.44,5:17:53.32,-70:14:20.6,-70:14:24.7
37,lmc,LMC104,6,5:16:42.38,5:17:53.68,-70:22:06.3,-70:21:59.2
38,lmc,LMC104,7,5:16:40.03,5:17:54.28,-70:32:32.0,-70:33:59.3
39,lmc,LMC104,8,5:16:39.79,5:17:52.33,-70:41:46.7,-70:40:10.9
40,lmc,LMC105,1,5:20:12.68,5:21:27.57,-71:19:48.6,-71:17:30.2
41,lmc,LMC105,2,5:20:11.99,5:21:27.04,-71:06:57.1,-71:06:18.2
42,lmc,LMC105,3,5:20:10.74,5:21:24.54,-70:58:00.5,-71:00:36.6
43,lmc,LMC105,4,5:20:10.62,5:21:21.73,-70:49:51.4,-70:47:47.3
44,lmc,LMC105,5,5:16:31.05,5:17:45.18,-70:51:14.2,-70:49:21.2
45,lmc,LMC105,6,5:16:31.65,5:17:45.71,-70:57:39.8,-70:58:43.4
46,lmc,LMC105,7,5:16:30.37,5:17:44.29,-71:08:36.0,-71:08:33.4
47,lmc,LMC105,8,5:16:28.88,5:17:45.51,-71:15:50.7,-71:17:41.9
48,lmc,LMC106,1,5:20:11.77,5:21:31.61,-71:50:06.3,-71:51:07.6
49,lmc,LMC106,2,5:20:14.70,5:21:30.10,-71:45:08.6,-71:44:57.7
50,lmc,LMC106,3,5:20:10.86,5:21:28.85,-71:31:07.8,-71:33:47.6
51,lmc,LMC106,4,5:20:11.23,5:21:26.54,-71:25:55.0,-71:22:33.7
52,lmc,LMC106,5,5:16:27.30,5:17:43.35,-71:21:13.4,-71:22:34.8
53,lmc,LMC106,6,5:16:25.92,5:17:42.14,-71:32:10.1,-71:30:14.0
54,lmc,LMC106,7,5:16:25.00,5:17:42.32,-71:43:01.0,-71:37:50.3
55,lmc,LMC106,8,5:16:24.45,5:17:42.08,-71:46:04.9,-71:53:03.5
56,lmc,LMC107,1,5:14:01.54,5:15:05.44,-67:02:55.0,-67:10:15.3
57,lmc,LMC107,2,5:14:01.10,5:15:04.26,-66:56:07.1,-67:01:06.9
58,lmc,LMC107,3,5:14:01.49,5:15:02.72,-66:52:03.0,-66:50:09.1
59,lmc,LMC107,4,5:13:59.99,5:15:02.13,-66:40:31.6,-66:41:23.2
60,lmc,LMC107,5,5:10:59.98,5:12:00.11,-66:42:30.2,-66:39:30.3
61,lmc,LMC107,6,5:10:58.69,5:12:00.55,-66:50:38.5,-66:51:47.1
62,lmc,LMC107,7,5:10:58.37,5:11:59.63,-66:57:59.5,-66:55:30.1
63,lmc,LMC107,8,5:10:58.46,5:11:59.78,-67:07:52.8,-67:07:06.1
64,lmc,LMC108,1,5:14:02.68,5:15:06.89,-67:46:01.5,-67:37:40.6
65,lmc,LMC108,2,5:14:02.73,5:15:06.76,-67:37:42.2,-67:36:41.6
66,lmc,LMC108,3,5:14:01.87,5:15:04.27,-67:27:02.9,-67:22:22.3
67,lmc,LMC108,4,5:14:02.28,5:15:03.64,-67:12:49.9,-67:12:07.2
68,lmc,LMC108,5,5:10:51.86,5:11:58.12,-67:15:42.9,-67:19:14.8
69,lmc,LMC108,6,5:10:55.72,5:11:58.40,-67:23:08.8,-67:19:46.9
70,lmc,LMC108,7,5:10:55.61,5:11:59.55,-67:33:07.6,-67:33:33.1
71,lmc,LMC108,8,5:10:54.83,5:11:57.76,-67:39:44.8,-67:43:27.7
72,lmc,LMC109,1,5:13:57.57,5:15:03.31,-68:19:44.7,-68:21:11.8
73,lmc,LMC109,2,5:13:57.24,5:15:02.89,-68:09:00.9,-68:12:57.8
74,lmc,LMC109,3,5:13:56.51,5:15:01.57,-68:00:28.8,-68:01:30.3
75,lmc,LMC109,4,5:13:56.64,5:14:58.93,-67:53:34.4,-67:50:54.8
76,lmc,LMC109,5,5:10:46.30,5:11:51.14,-67:52:18.1,-67:53:32.9
77,lmc,LMC109,6,5:10:45.46,5:11:49.76,-67:59:52.1,-68:00:46.5
78,lmc,LMC109,7,5:10:45.37,5:11:49.82,-68:12:51.8,-68:09:17.4
79,lmc,LMC109,8,5:10:43.74,5:11:50.03,-68:21:43.1,-68:18:05.6
80,lmc,LMC110,1,5:13:53.70,5:15:00.08,-68:54:30.1,-68:54:43.0
81,lmc,LMC110,2,5:13:52.92,5:14:58.61,-68:47:01.3,-68:47:31.3
82,lmc,LMC110,3,5:13:51.48,5:14:58.40,-68:36:42.0,-68:37:12.1
83,lmc,LMC110,4,5:13:50.63,5:14:58.03,-68:28:39.2,-68:26:09.9
84,lmc,LMC110,5,5:10:35.64,5:11:42.83,-68:29:12.4,-68:26:23.1
85,lmc,LMC110,6,5:10:35.22,5:11:41.47,-68:35:09.2,-68:39:24.2
86,lmc,LMC110,7,5:10:34.35,5:11:41.85,-68:48:31.7,-68:48:06.4
87,lmc,LMC110,8,5:10:33.92,5:11:42.00,-68:57:26.4,-68:54:01.4
88,lmc,LMC111,1,5:13:44.64,5:14:53.09,-69:29:41.4,-69:31:03.9
89,lmc,LMC111,2,5:13:43.68,5:14:52.14,-69:19:59.2,-69:20:23.3
90,lmc,LMC111,3,5:13:42.13,5:14:51.58,-69:10:46.3,-69:13:30.7
91,lmc,LMC111,4,5:13:41.53,5:14:50.42,-69:03:57.2,-69:03:24.0
92,lmc,LMC111,5,5:10:21.40,5:11:29.26,-69:04:36.2,-69:03:07.2
93,lmc,LMC111,6,5:10:20.83,5:11:29.65,-69:10:54.9,-69:11:30.5
94,lmc,LMC111,7,5:10:21.17,5:11:29.64,-69:19:42.8,-69:21:17.4
95,lmc,LMC111,8,5:10:20.17,5:11:28.48,-69:28:43.6,-69:32:31.7
96,lmc,LMC112,1,5:13:37.89,5:14:49.62,-70:04:46.2,-70:07:56.2
97,lmc,LMC112,2,5:13:37.71,5:14:49.25,-69:59:04.1,-69:56:36.3
98,lmc,LMC112,3,5:13:36.36,5:14:47.38,-69:47:34.2,-69:45:59.5
99,lmc,LMC112,4,5:13:37.56,5:14:46.45,-69:37:39.3,-69:39:49.0
100,lmc,LMC112,5,5:10:09.14,5:11:19.83,-69:40:26.6,-69:41:16.0
101,lmc,LMC112,6,5:10:10.05,5:11:20.64,-69:47:41.7,-69:46:26.7
102,lmc,LMC112,7,5:10:09.74,5:11:18.58,-69:58:13.0,-69:57:08.2
103,lmc,LMC112,8,5:10:08.22,5:11:19.15,-70:08:01.0,-70:05:21.1
104,lmc,LMC113,1,5:13:19.92,5:14:32.98,-70:42:14.5,-70:40:21.3
105,lmc,LMC113,2,5:13:19.62,5:14:31.52,-70:30:47.9,-70:32:20.4
106,lmc,LMC113,3,5:13:17.39,5:14:29.82,-70:25:31.8,-70:24:16.0
107,lmc,LMC113,4,5:13:16.12,5:14:28.44,-70:14:46.4,-70:15:35.1
108,lmc,LMC113,5,5:09:45.28,5:10:57.71,-70:16:34.0,-70:14:09.8
109,lmc,LMC113,6,5:09:45.67,5:10:56.64,-70:22:24.0,-70:24:36.2
110,lmc,LMC113,7,5:09:43.28,5:10:57.64,-70:32:23.5,-70:31:21.9
111,lmc,LMC113,8,5:09:43.88,5:10:55.49,-70:42:10.2,-70:42:32.0
112,lmc,LMC114,1,5:13:17.80,5:14:33.27,-71:14:28.3,-71:18:00.9
113,lmc,LMC114,2,5:13:16.91,5:14:31.10,-71:06:29.6,-71:09:05.7
114,lmc,LMC114,3,5:13:14.18,5:14:28.47,-70:55:13.2,-70:56:57.5
115,lmc,LMC114,4,5:13:15.05,5:14:27.94,-70:50:10.4,-70:49:50.6
116,lmc,LMC114,5,5:09:37.72,5:10:49.52,-70:46:20.8,-70:48:42.7
117,lmc,LMC114,6,5:09:35.41,5:10:49.06,-70:52:38.5,-70:56:34.8
118,lmc,LMC114,7,5:09:36.28,5:10:50.07,-71:01:39.6,-71:08:10.0
119,lmc,LMC114,8,5:09:34.83,5:10:48.84,-71:13:47.8,-71:11:02.0
120,lmc,LMC115,1,5:08:12.95,5:09:15.28,-67:09:36.9,-67:10:51.8
121,lmc,LMC115,2,5:08:12.51,5:09:14.00,-67:01:37.1,-66:55:05.5
122,lmc,LMC115,3,5:08:10.85,5:09:13.12,-66:45:52.9,-66:46:58.0
123,lmc,LMC115,4,5:08:10.47,5:09:12.18,-66:38:37.9,-66:43:18.1
124,lmc,LMC115,5,5:05:11.38,5:06:11.07,-66:37:44.5,-66:40:07.0
125,lmc,LMC115,6,5:05:09.96,5:06:11.64,-66:44:42.1,-66:50:11.4
126,lmc,LMC115,7,5:05:09.76,5:06:11.85,-66:58:53.6,-66:58:48.6
127,lmc,LMC115,8,5:05:08.30,5:06:10.92,-67:08:40.2,-67:09:35.7
128,lmc,LMC116,1,5:08:05.72,5:09:10.67,-67:39:20.0,-67:38:56.1
129,lmc,LMC116,2,5:08:05.69,5:09:10.01,-67:30:49.1,-67:35:54.7
130,lmc,LMC116,3,5:08:05.09,5:09:09.40,-67:24:13.4,-67:28:12.1
131,lmc,LMC116,4,5:08:04.54,5:09:06.87,-67:14:20.2,-67:10:30.3
132,lmc,LMC116,5,5:04:59.71,5:06:01.72,-67:10:49.7,-67:16:16.1
133,lmc,LMC116,6,5:04:59.62,5:06:01.41,-67:26:48.6,-67:28:08.0
134,lmc,LMC116,7,5:04:58.54,5:06:02.41,-67:33:53.4,-67:31:48.2
135,lmc,LMC116,8,5:04:57.23,5:06:00.88,-67:43:44.9,-67:44:38.6
136,lmc,LMC117,1,5:07:56.48,5:09:02.68,-68:19:05.2,-68:19:47.4
137,lmc,LMC117,2,5:07:55.36,5:09:01.56,-68:12:52.0,-68:09:26.1
138,lmc,LMC117,3,5:07:55.18,5:08:59.64,-68:01:26.4,-68:02:27.3
139,lmc,LMC117,4,5:07:54.01,5:08:59.22,-67:54:39.8,-67:54:31.6
140,lmc,LMC117,5,5:04:44.56,5:05:49.67,-67:50:42.1,-67:51:40.2
141,lmc,LMC117,6,5:04:44.37,5:05:47.36,-68:02:21.9,-67:59:52.0
142,lmc,LMC117,7,5:04:37.18,5:05:47.89,-68:10:33.6,-68:09:51.1
143,lmc,LMC117,8,5:04:43.11,5:05:48.49,-68:20:48.1,-68:17:54.0
144,lmc,LMC118,1,5:07:27.04,5:08:37.30,-68:56:29.8,-68:53:18.5
145,lmc,LMC118,2,5:07:28.16,5:08:36.98,-68:44:13.2,-68:46:31.7
146,lmc,LMC118,3,5:07:27.41,5:08:34.10,-68:36:33.7,-68:35:33.7
147,lmc,LMC118,4,5:07:26.42,5:08:32.34,-68:26:29.6,-68:26:18.8
148,lmc,LMC118,5,5:04:12.45,5:05:18.98,-68:28:24.2,-68:27:02.9
149,lmc,LMC118,6,5:04:10.85,5:05:17.88,-68:39:31.7,-68:36:31.0
150,lmc,LMC118,7,5:04:11.34,5:05:17.13,-68:46:43.8,-68:46:22.5
151,lmc,LMC118,8,5:04:09.61,5:05:17.29,-68:57:08.7,-68:53:35.2
152,lmc,LMC119,1,5:07:11.20,5:08:21.27,-69:32:17.3,-69:32:15.1
153,lmc,LMC119,2,5:07:10.52,5:08:19.49,-69:22:29.0,-69:21:05.8
154,lmc,LMC119,3,5:07:10.22,5:08:19.00,-69:12:45.8,-69:12:10.4
155,lmc,LMC119,4,5:07:10.01,5:08:17.78,-69:03:28.4,-69:03:21.4
156,lmc,LMC119,5,5:03:48.73,5:04:56.69,-69:01:31.5,-69:03:05.0
157,lmc,LMC119,6,5:03:48.98,5:04:56.26,-69:12:59.0,-69:14:04.1
158,lmc,LMC119,7,5:03:47.69,5:04:55.54,-69:20:17.8,-69:19:58.5
159,lmc,LMC119,8,5:03:48.02,5:04:56.07,-69:29:37.5,-69:28:48.5
160,lmc,LMC120,1,5:06:49.89,5:08:00.48,-70:07:29.3,-70:07:18.4
161,lmc,LMC120,2,5:06:50.22,5:07:58.97,-69:59:31.4,-69:57:16.5
162,lmc,LMC120,3,5:06:32.92,5:07:58.75,-69:47:09.2,-69:46:08.7
163,lmc,LMC120,4,5:06:46.73,5:07:56.41,-69:36:58.8,-69:40:06.5
164,lmc,LMC120,5,5:03:21.24,5:04:31.20,-69:37:05.7,-69:37:14.5
165,lmc,LMC120,6,5:03:21.29,5:04:30.06,-69:46:10.4,-69:46:01.2
166,lmc,LMC120,7,5:03:20.29,5:04:30.24,-69:56:12.4,-69:58:46.6
167,lmc,LMC120,8,5:03:19.03,5:04:30.13,-70:05:26.7,-70:05:41.1
168,lmc,LMC121,1,5:06:25.26,5:07:39.39,-70:43:00.2,-70:41:54.2
169,lmc,LMC121,2,5:06:26.09,5:07:38.96,-70:34:57.8,-70:30:34.4
170,lmc,LMC121,3,5:06:24.45,5:07:37.65,-70:21:58.2,-70:24:15.6
171,lmc,LMC121,4,5:06:24.52,5:07:35.55,-70:15:04.9,-70:15:34.2
172,lmc,LMC121,5,5:02:51.43,5:04:03.38,-70:15:14.8,-70:13:14.9
173,lmc,LMC121,6,5:02:50.98,5:04:02.56,-70:24:13.5,-70:21:54.3
174,lmc,LMC121,7,5:02:51.66,5:04:02.76,-70:33:57.7,-70:31:04.1
175,lmc,LMC121,8,5:02:49.52,5:04:02.46,-70:40:59.1,-70:41:03.6
176,lmc,LMC122,1,5:06:05.45,5:07:21.09,-71:15:52.4,-71:16:28.1
177,lmc,LMC122,2,5:06:03.66,5:07:18.13,-71:06:18.9,-71:09:48.7
178,lmc,LMC122,3,5:06:01.97,5:07:16.00,-70:58:43.1,-70:54:45.2
179,lmc,LMC122,4,5:06:02.43,5:07:14.42,-70:48:44.3,-70:45:51.1
180,lmc,LMC122,5,5:02:24.32,5:03:37.52,-70:50:37.5,-70:48:39.2
181,lmc,LMC122,6,5:02:22.44,5:03:38.10,-71:00:44.1,-70:53:39.1
182,lmc,LMC122,7,5:02:21.42,5:03:36.45,-71:09:26.0,-71:07:56.4
183,lmc,LMC122,8,5:02:20.54,5:03:36.61,-71:16:06.6,-71:10:41.9
184,lmc,LMC123,1,5:02:21.33,5:03:25.63,-67:04:32.8,-67:08:57.8
185,lmc,LMC123,2,5:02:20.71,5:03:23.24,-66:53:41.8,-66:53:03.7
186,lmc,LMC123,3,5:02:20.92,5:03:22.01,-66:50:56.1,-66:47:38.2
187,lmc,LMC123,4,5:02:19.89,5:03:20.91,-66:41:11.9,-66:39:34.8
188,lmc,LMC123,5,4:59:19.97,5:00:20.24,-66:41:50.0,-66:42:07.4
189,lmc,LMC123,6,4:59:18.73,5:00:20.81,-66:52:35.9,-66:49:06.7
190,lmc,LMC123,7,4:59:18.06,5:00:20.56,-66:59:22.7,-67:00:49.9
191,lmc,LMC123,8,4:59:18.36,5:00:19.92,-67:07:31.7,-67:05:50.0
192,lmc,LMC124,1,5:02:04.47,5:03:08.42,-67:42:52.4,-67:42:29.1
193,lmc,LMC124,2,5:02:03.79,5:03:07.80,-67:36:12.9,-67:35:01.6
194,lmc,LMC124,3,5:02:04.33,5:03:06.06,-67:27:15.9,-67:24:20.9
195,lmc,LMC124,4,5:02:02.55,5:03:06.47,-67:15:45.7,-67:15:45.6
196,lmc,LMC124,5,4:58:57.43,5:00:00.26,-67:17:37.8,-67:15:20.5
197,lmc,LMC124,6,4:58:55.66,4:59:59.29,-67:28:20.1,-67:25:19.8
198,lmc,LMC124,7,4:58:57.42,4:59:59.60,-67:35:14.9,-67:35:43.8
199,lmc,LMC124,8,4:58:55.77,5:00:00.32,-67:43:03.8,-67:43:26.0
200,lmc,LMC125,1,5:01:40.87,5:02:48.05,-68:18:23.3,-68:21:20.9
201,lmc,LMC125,2,5:01:42.49,5:02:46.74,-68:08:59.9,-68:08:33.9
202,lmc,LMC125,3,5:01:41.13,5:02:46.33,-68:00:16.2,-68:03:44.4
203,lmc,LMC125,4,5:01:41.00,5:02:44.37,-67:50:53.8,-67:50:17.6
204,lmc,LMC125,5,4:58:29.92,4:59:34.37,-67:52:14.4,-67:52:33.0
205,lmc,LMC125,6,4:58:30.69,4:59:35.22,-68:00:52.9,-67:59:45.2
206,lmc,LMC125,7,4:58:29.07,4:59:34.05,-68:11:26.8,-68:08:47.0
207,lmc,LMC125,8,4:58:29.74,4:59:35.63,-68:19:45.4,-68:20:56.1
208,lmc,LMC126,1,5:01:11.44,5:02:19.33,-68:53:44.6,-68:54:38.3
209,lmc,LMC126,2,5:01:10.59,5:02:17.38,-68:44:40.2,-68:46:16.7
210,lmc,LMC126,3,5:01:09.31,5:02:16.57,-68:36:31.1,-68:36:13.7
211,lmc,LMC126,4,5:01:10.68,5:02:15.93,-68:28:33.5,-68:27:14.3
212,lmc,LMC126,5,4:57:55.97,4:59:00.87,-68:28:39.7,-68:26:13.5
213,lmc,LMC126,6,4:57:53.38,4:59:00.42,-68:38:04.6,-68:35:22.7
214,lmc,LMC126,7,4:57:52.65,4:58:59.81,-68:44:05.8,-68:44:31.2
215,lmc,LMC126,8,4:57:52.13,4:59:01.18,-68:56:24.5,-68:54:05.9
216,lmc,LMC127,1,5:00:44.97,5:01:54.13,-69:28:27.3,-69:29:38.5
217,lmc,LMC127,2,5:00:43.33,5:01:52.86,-69:20:36.9,-69:21:58.8
218,lmc,LMC127,3,5:00:43.00,5:01:51.05,-69:11:06.5,-69:11:06.0
219,lmc,LMC127,4,5:00:43.26,5:01:48.12,-69:03:17.4,-69:01:20.9
220,lmc,LMC127,5,4:57:22.85,4:58:31.51,-69:01:05.4,-69:02:17.8
221,lmc,LMC127,6,4:57:20.97,4:58:29.44,-69:10:28.7,-69:13:13.0
222,lmc,LMC127,7,4:57:17.24,4:58:30.28,-69:19:43.4,-69:20:36.4
223,lmc,LMC127,8,4:57:20.10,4:58:29.18,-69:32:39.1,-69:29:32.2
224,lmc,LMC128,1,5:00:14.59,5:01:27.11,-70:04:05.1,-70:04:48.7
225,lmc,LMC128,2,5:00:16.07,5:01:26.32,-69:58:32.8,-69:59:15.4
226,lmc,LMC128,3,5:00:14.61,5:01:22.98,-69:46:36.8,-69:45:47.5
227,lmc,LMC128,4,5:00:13.93,5:01:21.95,-69:39:17.8,-69:37:15.1
228,lmc,LMC128,5,4:56:46.09,4:57:56.36,-69:37:49.9,-69:40:26.3
229,lmc,LMC128,6,4:56:46.81,4:57:56.61,-69:50:18.0,-69:47:54.3
230,lmc,LMC128,7,4:56:45.70,4:57:56.42,-69:55:49.1,-69:57:43.3
231,lmc,LMC128,8,4:56:45.50,4:57:56.45,-70:08:06.2,-70:06:56.4
232,lmc,LMC129,1,4:59:41.48,5:00:54.04,-70:39:44.6,-70:42:05.5
233,lmc,LMC129,2,4:59:40.71,5:00:51.45,-70:31:37.0,-70:31:31.8
234,lmc,LMC129,3,4:59:38.12,5:00:49.06,-70:23:33.5,-70:17:21.2
235,lmc,LMC129,4,4:59:37.73,5:00:48.99,-70:10:39.8,-70:08:01.3
236,lmc,LMC129,5,4:56:06.28,4:57:09.57,-70:14:43.2,-70:10:28.5
237,lmc,LMC129,6,4:56:05.46,4:57:16.93,-70:21:37.7,-70:24:04.3
238,lmc,LMC129,7,4:56:05.16,4:57:16.79,-70:30:39.7,-70:30:53.4
239,lmc,LMC129,8,4:56:03.26,4:57:17.21,-70:42:31.7,-70:41:49.0
240,lmc,LMC130,1,4:59:04.65,5:00:20.11,-71:15:24.1,-71:10:28.1
241,lmc,LMC130,2,4:59:03.61,5:00:18.42,-71:02:46.4,-71:03:37.5
242,lmc,LMC130,3,4:59:02.39,5:00:18.30,-70:58:23.4,-70:57:47.0
243,lmc,LMC130,4,4:59:01.49,5:00:16.26,-70:44:28.2,-70:47:27.2
244,lmc,LMC130,5,4:55:24.70,4:56:37.26,-70:50:36.7,-70:50:43.1
245,lmc,LMC130,6,4:55:24.20,4:56:37.39,-70:55:11.9,-71:00:10.1
246,lmc,LMC130,7,4:55:23.51,4:56:36.86,-71:09:26.1,-71:02:38.6
247,lmc,LMC130,8,4:55:21.58,4:56:36.18,-71:12:01.7,-71:16:10.6
248,lmc,LMC131,1,4:56:34.01,4:57:36.23,-67:08:52.6,-67:10:46.7
249,lmc,LMC131,2,4:56:32.95,4:57:35.76,-66:53:58.7,-67:01:56.3
250,lmc,LMC131,3,4:56:33.37,4:57:34.19,-66:48:49.2,-66:51:49.9
251,lmc,LMC131,4,4:56:31.83,4:57:32.92,-66:41:34.9,-66:37:30.0
252,lmc,LMC131,5,4:53:32.41,4:54:31.98,-66:38:47.3,-66:35:35.6
253,lmc,LMC131,6,4:53:32.03,4:54:32.27,-66:46:19.0,-66:45:50.4
254,lmc,LMC131,7,4:53:29.31,4:54:33.11,-66:59:35.7,-66:55:21.1
255,lmc,LMC131,8,4:53:30.08,4:54:32.23,-67:08:06.9,-67:03:41.4
256,lmc,LMC132,1,4:56:04.05,4:57:08.38,-67:41:59.0,-67:41:52.9
257,lmc,LMC132,2,4:56:03.91,4:57:07.20,-67:36:19.5,-67:30:51.7
258,lmc,LMC132,3,4:56:02.54,4:57:04.36,-67:20:06.4,-67:20:01.9
259,lmc,LMC132,4,4:56:02.00,4:57:04.81,-67:15:49.2,-67:11:32.0
260,lmc,LMC132,5,4:52:57.55,4:53:59.10,-67:16:01.7,-67:18:27.2
261,lmc,LMC132,6,4:52:55.45,4:53:58.72,-67:27:11.4,-67:25:55.3
262,lmc,LMC132,7,4:52:55.28,4:53:58.83,-67:31:01.7,-67:36:52.3
263,lmc,LMC132,8,4:52:54.30,4:53:59.58,-67:43:11.3,-67:46:31.4
264,lmc,LMC133,1,4:55:34.41,4:56:39.37,-68:19:10.4,-68:18:04.2
265,lmc,LMC133,2,4:55:32.68,4:56:39.06,-68:05:11.5,-68:12:46.7
266,lmc,LMC133,3,4:55:33.23,4:56:38.58,-68:01:39.1,-68:01:16.1
267,lmc,LMC133,4,4:55:31.38,4:56:36.96,-67:45:30.8,-67:51:30.3
268,lmc,LMC133,5,4:52:21.79,4:53:27.48,-67:51:29.2,-67:47:48.3
269,lmc,LMC133,6,4:52:21.90,4:53:27.23,-68:00:32.7,-68:02:25.2
270,lmc,LMC133,7,4:52:20.94,4:53:25.59,-68:09:31.5,-68:10:16.9
271,lmc,LMC133,8,4:52:20.47,4:53:25.82,-68:20:46.5,-68:20:10.9
272,lmc,LMC134,1,4:54:51.24,4:55:58.61,-68:55:42.6,-68:57:22.6
273,lmc,LMC134,2,4:54:47.71,4:55:56.84,-68:47:37.4,-68:44:10.1
274,lmc,LMC134,3,4:54:49.30,4:55:55.39,-68:36:16.1,-68:38:16.8
275,lmc,LMC134,4,4:54:49.43,4:55:54.33,-68:28:22.7,-68:29:33.4
276,lmc,LMC134,5,4:51:34.33,4:52:39.28,-68:27:15.5,-68:27:28.8
277,lmc,LMC134,6,4:51:34.09,4:52:38.49,-68:35:11.6,-68:39:12.5
278,lmc,LMC134,7,4:51:32.00,4:52:38.58,-68:45:15.5,-68:45:26.7
279,lmc,LMC134,8,4:51:32.47,4:52:38.89,-68:55:23.4,-68:53:50.7
280,lmc,LMC135,1,4:54:15.05,4:55:23.80,-69:26:24.8,-69:25:42.4
281,lmc,LMC135,2,4:54:14.00,4:55:22.75,-69:20:30.8,-69:21:24.9
282,lmc,LMC135,3,4:54:13.51,4:55:21.53,-69:13:54.2,-69:14:25.5
283,lmc,LMC135,4,4:54:13.77,4:55:21.46,-69:04:40.3,-69:04:25.6
284,lmc,LMC135,5,4:50:53.25,4:52:00.88,-69:03:02.5,-69:04:06.8
285,lmc,LMC135,6,4:50:48.81,4:52:00.39,-69:13:06.2,-69:15:11.6
286,lmc,LMC135,7,4:50:50.87,4:52:00.28,-69:23:11.8,-69:20:59.4
287,lmc,LMC135,8,4:50:51.17,4:52:00.49,-69:30:05.3,-69:29:24.3
288,lmc,LMC136,1,4:53:35.25,4:54:45.98,-70:06:31.1,-70:01:14.4
289,lmc,LMC136,2,4:53:33.68,4:54:46.11,-69:53:14.2,-69:58:21.4
290,lmc,LMC136,3,4:53:34.76,4:54:43.10,-69:50:24.9,-69:42:13.3
291,lmc,LMC136,4,4:53:33.37,4:54:42.17,-69:34:31.4,-69:37:16.5
292,lmc,LMC136,5,4:50:06.48,4:51:17.13,-69:40:03.1,-69:33:10.3
293,lmc,LMC136,6,4:50:06.24,4:51:17.07,-69:49:47.0,-69:42:45.6
294,lmc,LMC136,7,4:50:07.02,4:51:17.31,-69:58:04.2,-69:57:41.7
295,lmc,LMC136,8,4:50:05.68,4:51:16.43,-70:00:51.2,-70:05:12.9
296,lmc,LMC137,1,4:52:36.40,4:53:55.43,-70:38:28.0,-70:37:15.6
297,lmc,LMC137,2,4:52:41.00,4:53:53.80,-70:34:32.3,-70:34:37.4
298,lmc,LMC137,3,4:52:39.99,4:53:52.69,-70:20:32.2,-70:23:39.5
299,lmc,LMC137,4,4:52:38.64,4:53:29.04,-70:15:00.2,-70:15:42.3
300,lmc,LMC137,5,4:49:07.95,4:50:20.38,-70:09:24.4,-70:14:46.4
301,lmc,LMC137,6,4:49:06.18,4:50:18.47,-70:21:39.1,-70:24:26.5
302,lmc,LMC137,7,4:49:06.14,4:50:19.03,-70:29:10.8,-70:32:01.0
303,lmc,LMC137,8,4:49:04.86,4:50:18.15,-70:38:20.3,-70:35:33.6
304,lmc,LMC138,1,4:50:38.70,4:51:41.22,-67:08:49.7,-67:08:49.9
305,lmc,LMC138,2,4:50:37.77,4:51:39.54,-66:58:11.6,-66:57:04.1
306,lmc,LMC138,3,4:50:36.28,4:51:38.61,-66:46:53.0,-66:52:57.0
307,lmc,LMC138,4,4:50:36.63,4:51:37.89,-66:43:12.1,-66:41:41.5
308,lmc,LMC138,5,4:47:35.46,4:48:37.54,-66:38:12.2,-66:39:26.8
309,lmc,LMC138,6,4:47:35.41,4:48:36.23,-66:49:47.7,-66:44:18.9
310,lmc,LMC138,7,4:47:34.67,4:48:37.07,-66:55:33.0,-66:59:57.9
311,lmc,LMC138,8,4:47:33.51,4:48:36.01,-67:04:50.1,-67:08:10.3
312,lmc,LMC139,1,4:50:10.96,4:51:15.73,-67:40:42.0,-67:44:34.4
313,lmc,LMC139,2,4:50:11.20,4:51:15.24,-67:33:35.7,-67:34:04.6
314,lmc,LMC139,3,4:50:10.19,4:51:13.92,-67:22:33.1,-67:26:08.8
315,lmc,LMC139,4,4:50:10.17,4:51:11.69,-67:17:43.2,-67:16:14.9
316,lmc,LMC139,5,4:47:04.89,4:48:06.33,-67:15:52.6,-67:18:03.8
317,lmc,LMC139,6,4:47:04.96,4:48:06.31,-67:26:48.9,-67:27:30.7
318,lmc,LMC139,7,4:47:04.40,4:48:06.61,-67:28:17.5,-67:30:13.0
319,lmc,LMC139,8,4:47:02.23,4:48:06.51,-67:44:27.4,-67:43:09.4
320,lmc,LMC140,1,4:49:21.93,4:50:25.35,-68:20:35.0,-68:19:11.4
321,lmc,LMC140,2,4:49:21.32,4:50:27.08,-68:11:15.8,-68:08:47.8
322,lmc,LMC140,3,4:49:20.46,4:50:21.57,-68:02:28.5,-67:55:41.5
323,lmc,LMC140,4,4:49:19.73,4:50:23.28,-67:51:46.4,-67:49:44.2
324,lmc,LMC140,5,4:46:09.62,4:47:14.38,-67:51:19.0,-67:53:35.5
325,lmc,LMC140,6,4:46:08.87,4:47:14.24,-67:55:16.6,-67:55:44.1
326,lmc,LMC140,7,4:46:08.79,4:47:13.68,-68:09:02.5,-68:07:47.6
327,lmc,LMC140,8,4:46:07.76,4:47:13.11,-68:21:02.4,-68:14:43.0
328,lmc,LMC141,1,4:48:33.67,4:49:40.53,-68:56:56.5,-68:48:56.1
329,lmc,LMC141,2,4:48:32.50,4:49:39.33,-68:44:38.2,-68:41:50.2
330,lmc,LMC141,3,4:48:33.39,4:49:38.78,-68:37:01.7,-68:39:09.7
331,lmc,LMC141,4,4:48:31.44,4:49:35.85,-68:27:59.9,-68:23:55.1
332,lmc,LMC141,5,4:45:16.28,4:46:23.15,-68:29:03.5,-68:27:28.2
333,lmc,LMC141,6,4:45:16.00,4:46:22.59,-68:33:55.9,-68:36:52.8
334,lmc,LMC141,7,4:45:16.08,4:46:22.89,-68:43:55.0,-68:45:23.3
335,lmc,LMC141,8,4:45:14.09,4:46:21.58,-68:53:06.0,-68:55:19.3
336,lmc,LMC142,1,4:47:40.53,4:48:49.33,-69:29:10.8,-69:32:57.6
337,lmc,LMC142,2,4:47:39.06,4:48:47.77,-69:20:35.2,-69:16:23.4
338,lmc,LMC142,3,4:47:38.11,4:48:46.19,-69:11:54.1,-69:09:12.6
339,lmc,LMC142,4,4:47:37.64,4:48:46.02,-69:01:32.5,-69:01:32.6
340,lmc,LMC142,5,4:44:17.74,4:45:26.12,-68:57:34.9,-68:57:43.9
341,lmc,LMC142,6,4:44:17.25,4:45:24.48,-69:14:18.6,-69:08:29.6
342,lmc,LMC142,7,4:44:17.20,4:45:24.71,-69:22:04.1,-69:23:34.1
343,lmc,LMC142,8,4:44:16.04,4:45:25.50,-69:31:28.6,-69:26:10.5
344,lmc,LMC143,1,4:46:57.06,4:48:07.27,-70:04:46.3,-70:04:28.0
345,lmc,LMC143,2,4:46:55.56,4:48:05.68,-69:56:01.4,-69:55:17.1
346,lmc,LMC143,3,4:46:55.75,4:48:05.90,-69:41:55.9,-69:46:49.8
347,lmc,LMC143,4,4:46:54.93,4:48:02.44,-69:32:05.7,-69:32:23.6
348,lmc,LMC143,5,4:43:29.46,4:44:40.77,-69:37:39.6,-69:36:53.1
349,lmc,LMC143,6,4:43:26.87,4:44:38.31,-69:47:05.9,-69:47:36.2
350,lmc,LMC143,7,4:43:27.14,4:44:36.85,-69:56:23.5,-69:56:38.3
351,lmc,LMC143,8,4:43:25.92,4:44:36.75,-70:07:24.4,-70:07:56.5
352,lmc,LMC144,1,4:45:55.17,4:47:08.41,-70:41:24.5,-70:35:12.8
353,lmc,LMC144,2,4:45:56.18,4:47:07.02,-70:28:44.5,-70:30:46.3
354,lmc,LMC144,3,4:45:53.52,4:47:06.42,-70:22:48.8,-70:21:44.0
355,lmc,LMC144,4,4:45:53.66,4:47:06.46,-70:09:41.8,-70:15:42.5
356,lmc,LMC144,5,4:42:22.85,4:43:33.90,-70:10:24.1,-70:13:02.5
357,lmc,LMC144,6,4:42:21.60,4:43:32.93,-70:23:34.5,-70:25:48.0
358,lmc,LMC144,7,4:42:20.06,4:43:32.30,-70:31:07.5,-70:31:49.9
359,lmc,LMC144,8,4:42:19.64,4:43:32.23,-70:37:01.4,-70:40:55.8
360,lmc,LMC145,1,4:44:46.66,4:45:49.30,-67:08:23.5,-67:06:42.1
361,lmc,LMC145,2,4:44:46.86,4:45:47.13,-66:58:42.7,-66:57:40.5
362,lmc,LMC145,3,4:44:45.63,4:45:47.49,-66:48:12.1,-66:51:16.3
363,lmc,LMC145,4,4:44:46.05,4:45:45.58,-66:37:03.7,-66:35:13.8
364,lmc,LMC145,5,4:41:42.04,4:42:46.34,-66:42:24.7,-66:42:25.7
365,lmc,LMC145,6,4:41:43.86,4:42:45.98,-66:50:06.6,-66:44:27.4
366,lmc,LMC145,7,4:41:42.44,4:42:42.18,-66:57:16.4,-66:54:55.7
367,lmc,LMC145,8,4:41:42.40,4:42:45.31,-67:07:34.2,-67:10:44.6
368,lmc,LMC146,1,4:44:04.25,4:45:06.87,-67:37:37.4,-67:39:20.1
369,lmc,LMC146,2,4:44:05.57,4:45:07.63,-67:35:14.8,-67:33:20.3
370,lmc,LMC146,3,4:44:02.95,4:45:08.68,-67:19:49.5,-67:24:27.3
371,lmc,LMC146,4,4:44:03.52,4:45:05.84,-67:11:20.4,-67:17:21.1
372,lmc,LMC146,5,4:40:57.16,4:42:01.31,-67:18:28.5,-67:16:41.5
373,lmc,LMC146,6,4:40:56.96,4:41:59.74,-67:26:58.0,-67:24:30.3
374,lmc,LMC146,7,4:40:57.47,4:42:00.39,-67:33:21.3,-67:28:50.6
375,lmc,LMC146,8,4:40:56.95,4:41:59.32,-67:40:06.0,-67:41:55.2
376,lmc,LMC147,1,4:43:11.26,4:44:17.42,-68:13:08.1,-68:13:05.3
377,lmc,LMC147,2,4:43:12.77,4:44:16.02,-68:07:29.1,-68:08:02.9
378,lmc,LMC147,3,4:43:11.88,4:44:16.28,-67:59:02.8,-68:01:04.5
379,lmc,LMC147,4,4:43:11.40,4:44:14.93,-67:50:28.6,-67:45:56.5
380,lmc,LMC147,5,4:40:00.40,4:41:05.06,-67:47:48.6,-67:50:49.6
381,lmc,LMC147,6,4:39:56.81,4:41:04.15,-68:03:51.3,-68:01:03.7
382,lmc,LMC147,7,4:39:59.71,4:41:03.52,-68:10:59.9,-68:12:53.7
383,lmc,LMC147,8,4:39:58.78,4:41:04.12,-68:13:56.3,-68:15:18.2
384,lmc,LMC148,1,4:42:13.28,4:43:21.60,-68:50:35.1,-68:51:51.3
385,lmc,LMC148,2,4:42:14.13,4:43:20.18,-68:46:45.4,-68:40:45.4
386,lmc,LMC148,3,4:42:12.86,4:43:18.92,-68:36:15.4,-68:39:24.8
387,lmc,LMC148,4,4:42:13.29,4:43:18.27,-68:27:11.2,-68:27:29.0
388,lmc,LMC148,5,4:38:57.97,4:40:03.42,-68:26:18.2,-68:21:26.5
389,lmc,LMC148,6,4:38:58.01,4:40:03.36,-68:36:22.2,-68:34:45.0
390,lmc,LMC148,7,4:38:55.64,4:40:02.18,-68:41:44.3,-68:47:29.3
391,lmc,LMC148,8,4:38:54.75,4:40:03.47,-68:49:23.8,-68:56:29.9
392,lmc,LMC149,1,4:41:10.48,4:42:19.71,-69:25:34.8,-69:31:06.5
393,lmc,LMC149,2,4:41:09.34,4:42:18.35,-69:18:48.6,-69:21:16.0
394,lmc,LMC149,3,4:41:09.26,4:42:17.06,-69:08:07.5,-69:07:04.3
395,lmc,LMC149,4,4:41:07.11,4:42:16.24,-69:04:39.6,-69:01:53.7
396,lmc,LMC149,5,4:37:47.37,4:38:56.07,-69:03:10.4,-69:02:00.3
397,lmc,LMC149,6,4:37:46.78,4:38:54.31,-69:12:59.2,-69:09:06.1
398,lmc,LMC149,7,4:37:41.70,4:38:54.14,-69:17:33.6,-69:19:14.4
399,lmc,LMC149,8,4:37:45.37,4:38:54.99,-69:29:45.2,-69:32:20.9
400,lmc,LMC150,1,4:40:15.30,4:41:28.50,-70:05:58.3,-70:05:35.3
401,lmc,LMC150,2,4:40:15.14,4:41:26.86,-69:57:06.8,-69:56:00.7
402,lmc,LMC150,3,4:40:14.43,4:41:24.32,-69:47:21.8,-69:46:09.8
403,lmc,LMC150,4,4:40:12.70,4:41:21.96,-69:36:00.4,-69:33:34.9
404,lmc,LMC150,5,4:36:47.65,4:37:56.80,-69:34:56.4,-69:37:33.6
405,lmc,LMC150,6,4:36:47.01,4:37:58.57,-69:46:55.4,-69:41:49.3
406,lmc,LMC150,7,4:36:46.08,4:37:58.44,-69:53:18.0,-69:55:47.0
407,lmc,LMC150,8,4:36:44.69,4:37:57.35,-70:03:42.8,-70:05:22.4
408,lmc,LMC151,1,4:39:00.76,4:40:15.10,-70:35:17.4,-70:42:21.2
409,lmc,LMC151,2,4:39:00.31,4:40:13.10,-70:28:52.1,-70:31:15.9
410,lmc,LMC151,3,4:38:59.44,4:40:12.41,-70:22:56.8,-70:21:04.7
411,lmc,LMC151,4,4:38:58.33,4:40:11.08,-70:09:04.6,-70:11:33.7
412,lmc,LMC151,5,4:35:28.06,4:36:39.70,-70:10:48.0,-70:11:06.7
413,lmc,LMC151,6,4:35:26.43,4:36:40.02,-70:21:42.1,-70:17:43.7
414,lmc,LMC151,7,4:35:25.93,4:36:39.13,-70:29:19.8,-70:30:00.2
415,lmc,LMC151,8,4:35:25.93,4:36:39.26,-70:36:29.2,-70:37:23.4
416,lmc,LMC152,1,4:38:55.38,4:39:56.77,-67:04:20.4,-67:02:29.9
417,lmc,LMC152,2,4:38:52.00,4:39:51.40,-66:56:19.8,-67:01:25.7
418,lmc,LMC152,3,4:38:52.85,4:39:54.08,-66:45:47.6,-66:47:45.2
419,lmc,LMC152,4,4:38:52.40,4:39:53.79,-66:35:26.2,-66:43:27.9
420,lmc,LMC152,5,4:35:51.08,4:36:52.30,-66:37:37.6,-66:36:47.5
421,lmc,LMC152,6,4:35:51.64,4:36:50.03,-66:47:52.6,-66:51:30.7
422,lmc,LMC152,7,4:35:52.11,4:36:56.83,-66:53:44.7,-66:58:38.8
423,lmc,LMC152,8,4:35:50.27,4:36:53.30,-67:03:25.4,-67:02:38.8
424,lmc,LMC153,1,4:38:03.49,4:39:08.67,-67:46:17.9,-67:46:07.7
425,lmc,LMC153,2,4:38:03.16,4:39:06.24,-67:35:02.6,-67:33:29.5
426,lmc,LMC153,3,4:38:01.22,4:39:03.30,-67:27:09.2,-67:19:38.0
427,lmc,LMC153,4,4:38:01.76,4:39:04.22,-67:10:17.2,-67:15:46.1
428,lmc,LMC153,5,4:34:58.38,4:35:59.66,-67:14:29.1,-67:12:50.2
429,lmc,LMC153,6,4:34:58.04,4:35:57.25,-67:28:26.0,-67:24:45.1
430,lmc,LMC153,7,4:34:56.14,4:35:57.27,-67:36:01.3,-67:35:02.7
431,lmc,LMC153,8,4:34:56.42,4:35:59.18,-67:39:44.0,-67:44:14.2
432,lmc,LMC154,1,4:37:03.45,4:38:06.60,-68:14:14.0,-68:20:23.2
433,lmc,LMC154,2,4:37:02.51,4:38:05.96,-68:09:08.3,-68:07:15.7
434,lmc,LMC154,3,4:37:01.44,4:38:06.06,-68:01:20.5,-67:59:40.2
435,lmc,LMC154,4,4:37:00.15,4:38:05.88,-67:45:38.5,-67:52:54.3
436,lmc,LMC154,5,4:33:52.43,4:34:54.71,-67:49:16.0,-67:54:17.9
437,lmc,LMC154,6,4:33:50.78,4:34:54.73,-67:58:45.3,-67:56:53.2
438,lmc,LMC154,7,4:33:48.60,4:34:55.03,-68:10:47.4,-68:05:21.2
439,lmc,LMC154,8,4:33:49.40,4:34:55.20,-68:13:52.4,-68:21:15.1
440,lmc,LMC155,1,4:35:53.54,4:36:59.23,-68:57:06.1,-68:50:43.3
441,lmc,LMC155,2,4:35:53.91,4:37:01.30,-68:48:36.3,-68:45:07.2
442,lmc,LMC155,3,4:35:50.85,4:36:58.41,-68:30:28.2,-68:31:16.4
443,lmc,LMC155,4,4:35:49.56,4:36:57.56,-68:23:40.6,-68:26:28.3
444,lmc,LMC155,5,4:32:35.65,4:33:43.52,-68:29:54.2,-68:30:14.3
445,lmc,LMC155,6,4:32:39.09,4:33:43.30,-68:36:59.3,-68:35:07.6
446,lmc,LMC155,7,4:32:33.59,4:33:42.44,-68:45:20.1,-68:48:12.5
447,lmc,LMC155,8,4:32:33.81,4:33:41.22,-68:57:19.1,-68:55:54.0
448,lmc,LMC156,1,4:34:39.10,4:35:46.14,-69:28:23.9,-69:26:35.5
449,lmc,LMC156,2,4:34:39.87,4:35:45.60,-69:22:15.6,-69:20:19.8
450,lmc,LMC156,3,4:34:35.47,4:35:44.40,-69:09:28.0,-69:12:11.3
451,lmc,LMC156,4,4:34:35.37,4:35:42.84,-69:00:07.9,-68:58:58.9
452,lmc,LMC156,5,4:31:15.74,4:32:23.24,-68:59:04.6,-68:59:57.7
453,lmc,LMC156,6,4:31:15.35,4:32:21.51,-69:13:15.8,-69:14:21.6
454,lmc,LMC156,7,4:31:13.71,4:32:23.99,-69:19:16.5,-69:20:18.8
455,lmc,LMC156,8,4:31:13.36,4:32:21.54,-69:30:06.7,-69:29:28.8
456,lmc,LMC157,1,4:33:34.68,4:34:47.64,-69:59:53.4,-70:07:34.8
457,lmc,LMC157,2,4:33:33.67,4:34:43.33,-69:56:04.7,-69:50:48.6
458,lmc,LMC157,3,4:33:35.17,4:34:43.88,-69:47:34.5,-69:42:16.6
459,lmc,LMC157,4,4:33:32.18,4:34:41.71,-69:32:55.5,-69:32:42.7
460,lmc,LMC157,5,4:30:13.46,4:31:17.40,-69:34:49.2,-69:36:58.4
461,lmc,LMC157,6,4:30:08.05,4:31:16.39,-69:47:30.7,-69:45:40.7
462,lmc,LMC157,7,4:30:07.24,4:31:22.07,-69:52:07.0,-69:51:00.4
463,lmc,LMC157,8,4:30:06.03,4:31:15.57,-70:02:24.5,-70:03:35.5
464,lmc,LMC158,1,4:32:17.29,4:33:30.18,-70:40:34.1,-70:37:46.3
465,lmc,LMC158,2,4:32:17.71,4:33:24.57,-70:29:27.5,-70:27:46.4
466,lmc,LMC158,3,4:32:07.48,4:33:18.74,-70:18:42.2,-70:18:41.8
467,lmc,LMC158,4,4:32:09.37,4:33:23.92,-70:10:04.1,-70:16:36.4
468,lmc,LMC158,5,4:28:40.42,4:29:51.86,-70:15:06.7,-70:15:39.7
469,lmc,LMC158,6,4:28:37.60,4:29:51.66,-70:19:40.5,-70:25:50.1
470,lmc,LMC158,7,4:28:34.94,4:29:53.07,-70:33:14.3,-70:31:02.6
471,lmc,LMC158,8,4:28:36.39,4:29:52.36,-70:36:28.5,-70:42:05.1
472,lmc,LMC159,1,5:26:12.27,5:27:17.07,-68:18:22.2,-68:14:16.6
473,lmc,LMC159,2,5:26:12.44,5:27:17.11,-68:12:22.9,-68:09:56.7
474,lmc,LMC159,3,5:26:11.50,5:27:14.39,-68:02:48.5,-67:57:52.2
475,lmc,LMC159,4,5:26:11.11,5:27:15.15,-67:53:47.6,-67:54:03.5
476,lmc,LMC159,5,5:23:01.74,5:24:04.93,-67:51:18.0,-67:54:27.7
477,lmc,LMC159,6,5:23:00.98,5:24:05.25,-67:58:21.6,-67:55:12.6
478,lmc,LMC159,7,5:22:59.92,5:24:04.14,-68:10:37.2,-68:12:29.5
479,lmc,LMC159,8,5:22:59.06,5:24:04.63,-68:18:53.4,-68:18:16.3
480,lmc,LMC160,1,5:26:23.85,5:27:31.30,-68:55:02.6,-68:57:36.2
481,lmc,LMC160,2,5:26:24.45,5:27:29.63,-68:45:50.8,-68:44:03.6
482,lmc,LMC160,3,5:26:22.56,5:27:29.46,-68:36:38.0,-68:39:34.7
483,lmc,LMC160,4,5:26:21.37,5:27:27.62,-68:26:10.6,-68:28:25.9
484,lmc,LMC160,5,5:23:06.46,5:24:12.29,-68:29:23.9,-68:30:10.3
485,lmc,LMC160,6,5:23:06.01,5:24:10.80,-68:35:49.5,-68:38:59.6
486,lmc,LMC160,7,5:23:05.31,5:24:12.16,-68:44:56.8,-68:46:04.4
487,lmc,LMC160,8,5:23:06.00,5:24:12.81,-68:57:04.4,-68:55:40.1
488,lmc,LMC161,1,5:26:42.44,5:27:50.96,-69:30:35.7,-69:31:52.7
489,lmc,LMC161,2,5:26:42.11,5:27:51.38,-69:21:30.2,-69:23:06.6
490,lmc,LMC161,3,5:26:40.27,5:27:48.55,-69:12:02.9,-69:12:29.0
491,lmc,LMC161,4,5:26:40.89,5:27:48.08,-69:05:33.8,-69:01:32.9
492,lmc,LMC161,5,5:23:19.01,5:24:28.42,-69:04:23.1,-69:02:42.5
493,lmc,LMC161,6,5:23:18.84,5:24:27.22,-69:12:32.1,-69:13:34.6
494,lmc,LMC161,7,5:23:19.63,5:24:26.68,-69:23:16.1,-69:21:05.4
495,lmc,LMC161,8,5:23:17.49,5:24:26.75,-69:31:32.7,-69:31:06.8
496,lmc,LMC162,1,5:26:54.49,5:28:06.57,-70:04:25.8,-70:06:46.7
497,lmc,LMC162,2,5:26:55.15,5:28:03.98,-69:56:44.9,-69:55:35.8
498,lmc,LMC162,3,5:26:53.51,5:28:04.75,-69:48:06.6,-69:48:17.4
499,lmc,LMC162,4,5:26:52.95,5:28:01.61,-69:38:43.9,-69:38:19.2
500,lmc,LMC162,5,5:23:26.54,5:24:37.55,-69:36:59.3,-69:36:53.7
501,lmc,LMC162,6,5:23:26.66,5:24:35.63,-69:47:35.9,-69:49:10.3
502,lmc,LMC162,7,5:23:24.83,5:24:35.62,-69:58:49.0,-69:55:32.6
503,lmc,LMC162,8,5:23:24.73,5:24:36.47,-70:06:17.4,-70:05:02.0
504,lmc,LMC163,1,5:27:11.24,5:28:23.97,-70:43:00.4,-70:41:19.1
505,lmc,LMC163,2,5:27:11.98,5:28:24.12,-70:32:48.5,-70:32:38.1
506,lmc,LMC163,3,5:27:10.95,5:28:22.19,-70:23:51.6,-70:25:54.2
507,lmc,LMC163,4,5:27:09.10,5:28:20.08,-70:12:21.8,-70:13:55.3
508,lmc,LMC163,5,5:23:39.25,5:24:49.49,-70:14:02.1,-70:15:54.2
509,lmc,LMC163,6,5:23:36.63,5:24:49.51,-70:23:28.4,-70:22:27.7
510,lmc,LMC163,7,5:23:36.60,5:24:48.01,-70:30:56.9,-70:33:51.2
511,lmc,LMC163,8,5:23:34.86,5:24:47.69,-70:40:27.4,-70:43:05.3
512,lmc,LMC164,1,5:27:20.29,5:28:37.97,-71:16:49.5,-71:16:15.1
513,lmc,LMC164,2,5:27:21.66,5:28:37.96,-71:09:43.1,-71:09:31.1
514,lmc,LMC164,3,5:27:22.01,5:28:35.24,-70:59:38.3,-70:58:55.7
515,lmc,LMC164,4,5:27:18.81,5:28:34.71,-70:48:52.2,-70:51:35.8
516,lmc,LMC164,5,5:23:43.10,5:24:55.84,-70:48:42.6,-70:49:21.7
517,lmc,LMC164,6,5:23:40.98,5:24:53.95,-70:58:18.4,-70:58:16.4
518,lmc,LMC164,7,5:23:40.69,5:24:54.31,-71:06:23.1,-71:06:33.9
519,lmc,LMC164,8,5:23:40.73,5:24:55.50,-71:16:13.8,-71:19:14.8
520,lmc,LMC165,1,5:27:39.53,5:28:58.47,-71:51:17.4,-71:54:13.1
521,lmc,LMC165,2,5:27:38.54,5:28:56.90,-71:44:47.5,-71:42:06.8
522,lmc,LMC165,3,5:27:38.44,5:28:53.64,-71:33:40.6,-71:33:50.2
523,lmc,LMC165,4,5:27:38.19,5:28:52.63,-71:26:16.9,-71:23:43.5
524,lmc,LMC165,5,5:23:52.03,5:25:08.59,-71:23:47.5,-71:27:04.2
525,lmc,LMC165,6,5:23:50.41,5:25:08.83,-71:35:12.2,-71:35:46.4
526,lmc,LMC165,7,5:23:49.53,5:25:08.95,-71:45:13.3,-71:44:11.2
527,lmc,LMC165,8,5:23:48.89,5:25:07.47,-71:52:50.5,-71:51:22.7
528,lmc,LMC166,1,5:32:22.31,5:33:27.14,-68:21:32.8,-68:18:06.4
529,lmc,LMC166,2,5:32:21.83,5:33:26.94,-68:11:34.3,-68:09:30.6
530,lmc,LMC166,3,5:32:21.25,5:33:25.95,-68:01:52.4,-68:02:57.8
531,lmc,LMC166,4,5:32:20.29,5:33:24.62,-67:51:31.6,-67:45:35.8
532,lmc,LMC166,5,5:29:11.56,5:30:08.60,-67:51:01.2,-67:48:13.4
533,lmc,LMC166,6,5:29:09.67,5:30:15.03,-68:00:14.2,-68:01:19.5
534,lmc,LMC166,7,5:29:08.67,5:30:15.30,-68:06:08.9,-68:09:59.4
535,lmc,LMC166,8,5:29:09.23,5:30:14.44,-68:21:40.4,-68:19:23.1
536,lmc,LMC167,1,5:32:47.79,5:33:56.05,-68:55:01.6,-68:53:49.1
537,lmc,LMC167,2,5:32:47.38,5:33:54.82,-68:44:21.4,-68:48:24.4
538,lmc,LMC167,3,5:32:46.06,5:33:52.64,-68:36:16.5,-68:38:00.8
539,lmc,LMC167,4,5:32:45.55,5:33:52.08,-68:29:43.6,-68:27:21.5
540,lmc,LMC167,5,5:29:30.37,5:30:36.27,-68:26:01.5,-68:30:35.4
541,lmc,LMC167,6,5:29:30.13,5:30:37.01,-68:35:09.6,-68:38:03.5
542,lmc,LMC167,7,5:29:29.96,5:30:36.66,-68:44:46.6,-68:44:34.5
543,lmc,LMC167,8,5:29:27.99,5:30:36.01,-68:54:24.3,-68:53:54.3
544,lmc,LMC168,1,5:33:11.88,5:34:20.91,-69:30:26.0,-69:31:40.5
545,lmc,LMC168,2,5:33:09.90,5:34:18.67,-69:19:48.8,-69:20:58.8
546,lmc,LMC168,3,5:33:08.84,5:34:17.64,-69:11:06.9,-69:10:31.4
547,lmc,LMC168,4,5:33:08.66,5:34:16.15,-69:05:00.6,-69:01:47.4
548,lmc,LMC168,5,5:29:47.87,5:30:56.14,-69:05:53.4,-69:03:44.6
549,lmc,LMC168,6,5:29:48.22,5:30:55.40,-69:14:46.0,-69:11:37.2
550,lmc,LMC168,7,5:29:47.83,5:30:55.59,-69:19:46.0,-69:20:23.9
551,lmc,LMC168,8,5:29:46.06,5:30:55.32,-69:29:46.3,-69:29:10.3
552,lmc,LMC169,1,5:33:29.79,5:34:40.81,-70:05:14.3,-70:06:00.9
553,lmc,LMC169,2,5:33:28.02,5:34:39.10,-69:56:07.2,-69:57:16.0
554,lmc,LMC169,3,5:33:27.12,5:34:38.65,-69:49:26.2,-69:50:09.5
555,lmc,LMC169,4,5:33:27.75,5:34:36.23,-69:38:08.6,-69:38:42.9
556,lmc,LMC169,5,5:30:00.63,5:31:10.22,-69:37:40.6,-69:39:26.4
557,lmc,LMC169,6,5:29:59.91,5:31:11.03,-69:46:38.1,-69:50:00.2
558,lmc,LMC169,7,5:29:59.33,5:31:10.43,-69:57:02.9,-69:55:21.9
559,lmc,LMC169,8,5:29:57.89,5:31:10.12,-70:08:46.2,-70:07:43.1
560,lmc,LMC170,1,5:33:56.34,5:35:08.35,-70:41:37.1,-70:40:37.4
561,lmc,LMC170,2,5:33:54.19,5:35:07.21,-70:34:01.5,-70:34:55.1
562,lmc,LMC170,3,5:33:53.24,5:35:05.18,-70:23:12.0,-70:22:56.8
563,lmc,LMC170,4,5:33:53.02,5:35:05.26,-70:14:00.3,-70:15:03.0
564,lmc,LMC170,5,5:30:20.03,5:31:32.90,-70:14:56.1,-70:13:44.7
565,lmc,LMC170,6,5:30:19.10,5:31:31.71,-70:25:46.2,-70:25:34.6
566,lmc,LMC170,7,5:30:20.02,5:31:31.67,-70:32:25.1,-70:35:04.5
567,lmc,LMC170,8,5:30:17.97,5:31:31.63,-70:42:35.4,-70:42:43.6
568,lmc,LMC171,1,5:34:25.40,5:35:39.74,-71:17:20.6,-71:16:42.1
569,lmc,LMC171,2,5:34:24.10,5:35:39.38,-71:10:04.0,-71:07:47.0
570,lmc,LMC171,3,5:34:22.79,5:35:36.83,-71:00:21.2,-71:00:23.5
571,lmc,LMC171,4,5:34:23.03,5:35:35.71,-70:49:32.2,-70:48:27.9
572,lmc,LMC171,5,5:30:44.89,5:31:57.01,-70:50:56.4,-70:48:26.3
573,lmc,LMC171,6,5:30:44.02,5:31:57.97,-70:59:03.8,-70:57:39.4
574,lmc,LMC171,7,5:30:43.16,5:31:56.83,-71:06:55.3,-71:06:54.8
575,lmc,LMC171,8,5:30:42.47,5:31:56.98,-71:16:57.8,-71:18:39.8
576,lmc,LMC172,1,5:34:51.99,5:36:08.01,-71:53:20.9,-71:52:18.5
577,lmc,LMC172,2,5:34:49.47,5:36:08.13,-71:42:32.5,-71:45:18.6
578,lmc,LMC172,3,5:34:49.43,5:36:05.93,-71:32:22.1,-71:32:55.2
579,lmc,LMC172,4,5:34:48.88,5:36:04.26,-71:25:39.2,-71:26:14.5
580,lmc,LMC172,5,5:31:04.80,5:32:19.75,-71:24:58.1,-71:25:25.8
581,lmc,LMC172,6,5:31:03.08,5:32:18.22,-71:34:08.6,-71:36:41.9
582,lmc,LMC172,7,5:31:01.97,5:32:19.47,-71:43:12.2,-71:45:35.1
583,lmc,LMC172,8,5:31:00.85,5:32:18.90,-71:51:09.4,-71:54:01.1
584,lmc,LMC173,1,5:38:33.87,5:39:39.71,-68:20:48.2,-68:20:29.6
585,lmc,LMC173,2,5:38:33.61,5:39:39.14,-68:07:07.9,-68:12:14.3
586,lmc,LMC173,3,5:38:32.94,5:39:37.05,-68:02:26.9,-67:59:19.6
587,lmc,LMC173,4,5:38:32.25,5:39:35.47,-67:47:38.6,-67:48:13.4
588,lmc,LMC173,5,5:35:22.33,5:36:25.70,-67:47:50.8,-67:54:45.5
589,lmc,LMC173,6,5:35:22.23,5:36:26.47,-67:57:48.7,-67:56:15.2
590,lmc,LMC173,7,5:35:19.62,5:36:25.71,-68:10:04.6,-68:09:55.4
591,lmc,LMC173,8,5:35:20.16,5:36:25.10,-68:15:55.7,-68:21:57.5
592,lmc,LMC174,1,5:39:06.57,5:40:13.41,-68:57:33.3,-68:53:50.6
593,lmc,LMC174,2,5:39:05.43,5:40:11.58,-68:47:44.6,-68:46:08.6
594,lmc,LMC174,3,5:39:04.21,5:40:10.13,-68:36:03.8,-68:38:19.1
595,lmc,LMC174,4,5:39:03.23,5:40:08.24,-68:29:40.7,-68:21:11.6
596,lmc,LMC174,5,5:35:48.35,5:36:53.89,-68:29:54.4,-68:28:37.5
597,lmc,LMC174,6,5:35:47.25,5:36:53.50,-68:35:54.1,-68:38:56.5
598,lmc,LMC174,7,5:35:48.02,5:36:53.51,-68:44:42.1,-68:44:22.6
599,lmc,LMC174,8,5:35:45.95,5:36:53.70,-68:51:20.0,-68:52:16.1
600,lmc,LMC175,1,5:39:36.98,5:40:44.37,-69:28:41.9,-69:31:43.9
601,lmc,LMC175,2,5:39:37.12,5:40:46.59,-69:22:06.4,-69:20:46.7
602,lmc,LMC175,3,5:39:36.02,5:40:43.94,-69:12:05.5,-69:13:23.2
603,lmc,LMC175,4,5:39:35.56,5:40:42.76,-69:04:56.1,-69:01:28.8
604,lmc,LMC175,5,5:36:14.40,5:37:22.41,-69:02:09.7,-69:01:50.8
605,lmc,LMC175,6,5:36:12.51,5:37:22.49,-69:13:20.8,-69:11:49.4
606,lmc,LMC175,7,5:36:13.16,5:37:22.09,-69:23:46.8,-69:20:22.1
607,lmc,LMC175,8,5:36:13.34,5:37:23.10,-69:29:21.4,-69:28:45.5
608,lmc,LMC176,1,5:40:11.70,5:41:22.68,-70:05:10.8,-70:07:29.8
609,lmc,LMC176,2,5:40:12.72,5:41:21.48,-69:57:39.9,-69:55:20.9
610,lmc,LMC176,3,5:40:11.37,5:41:21.37,-69:46:55.6,-69:47:41.1
611,lmc,LMC176,4,5:40:09.88,5:41:21.17,-69:38:56.7,-69:39:46.9
612,lmc,LMC176,5,5:36:43.92,5:37:54.71,-69:40:35.3,-69:37:52.1
613,lmc,LMC176,6,5:36:43.40,5:37:53.15,-69:46:43.6,-69:49:51.7
614,lmc,LMC176,7,5:36:42.63,5:37:54.02,-69:59:19.6,-69:58:38.7
615,lmc,LMC176,8,5:36:41.17,5:37:53.45,-70:06:12.1,-70:08:01.6
616,lmc,LMC177,1,5:40:46.90,5:41:56.78,-70:40:18.4,-70:40:26.0
617,lmc,LMC177,2,5:40:46.20,5:41:58.74,-70:33:44.7,-70:34:23.6
618,lmc,LMC177,3,5:40:44.73,5:41:57.21,-70:21:33.9,-70:25:42.7
619,lmc,LMC177,4,5:40:45.51,5:41:57.17,-70:15:40.4,-70:16:39.8
620,lmc,LMC177,5,5:37:12.25,5:38:24.22,-70:13:30.6,-70:13:07.8
621,lmc,LMC177,6,5:37:12.43,5:38:23.39,-70:22:23.3,-70:22:09.2
622,lmc,LMC177,7,5:37:11.18,5:38:24.47,-70:31:54.3,-70:32:56.6
623,lmc,LMC177,8,5:37:09.95,5:38:24.19,-70:40:26.0,-70:41:11.7
624,lmc,LMC178,1,5:41:30.11,5:42:45.34,-71:16:47.3,-71:15:30.7
625,lmc,LMC178,2,5:41:28.18,5:42:44.95,-71:06:16.2,-71:08:11.0
626,lmc,LMC178,3,5:41:25.24,5:42:41.16,-71:00:47.9,-70:58:29.3
627,lmc,LMC178,4,5:41:27.71,5:42:40.51,-70:47:46.4,-70:49:59.4
628,lmc,LMC178,5,5:37:48.32,5:39:02.98,-70:47:56.9,-70:51:18.5
629,lmc,LMC178,6,5:37:47.06,5:39:01.76,-70:58:40.4,-70:58:17.4
630,lmc,LMC178,7,5:37:47.67,5:39:02.41,-71:09:05.0,-71:07:47.2
631,lmc,LMC178,8,5:37:45.83,5:39:01.53,-71:18:55.6,-71:18:26.1
632,lmc,LMC179,1,5:42:06.55,5:43:23.41,-71:51:52.9,-71:52:07.9
633,lmc,LMC179,2,5:42:05.01,5:43:21.75,-71:45:34.2,-71:42:11.4
634,lmc,LMC179,3,5:42:04.38,5:43:19.80,-71:35:01.3,-71:35:36.2
635,lmc,LMC179,4,5:42:03.04,5:43:17.98,-71:27:05.1,-71:24:50.4
636,lmc,LMC179,5,5:38:17.15,5:39:34.87,-71:26:15.6,-71:23:58.0
637,lmc,LMC179,6,5:38:16.23,5:39:34.66,-71:34:17.8,-71:33:08.3
638,lmc,LMC179,7,5:38:17.24,5:39:34.09,-71:37:16.2,-71:44:50.0
639,lmc,LMC179,8,5:38:16.09,5:39:32.01,-71:51:36.4,-71:53:47.2
640,lmc,LMC180,1,5:42:10.12,5:43:29.01,-72:29:09.1,-72:25:37.4
641,lmc,LMC180,2,5:42:08.52,5:43:28.76,-72:19:48.2,-72:21:21.7
642,lmc,LMC180,3,5:42:08.04,5:43:26.69,-72:04:36.8,-72:12:32.6
643,lmc,LMC180,4,5:42:06.65,5:43:26.12,-71:54:19.2,-71:59:52.3
644,lmc,LMC180,5,5:38:15.87,5:39:33.69,-72:01:14.1,-71:59:56.7
645,lmc,LMC180,6,5:38:14.15,5:39:32.72,-72:10:39.1,-72:10:17.0
646,lmc,LMC180,7,5:38:14.61,5:39:32.50,-72:16:17.8,-72:20:27.0
647,lmc,LMC180,8,5:38:11.75,5:39:33.39,-72:26:22.4,-72:21:49.0
648,lmc,LMC181,1,5:44:43.46,5:45:49.89,-68:16:31.5,-68:20:43.1
649,lmc,LMC181,2,5:44:43.74,5:45:49.63,-68:07:50.3,-68:09:16.2
650,lmc,LMC181,3,5:44:42.63,5:45:48.30,-67:57:33.3,-68:00:30.3
651,lmc,LMC181,4,5:44:42.76,5:45:47.84,-67:51:10.9,-67:52:42.0
652,lmc,LMC181,5,5:41:33.61,5:42:37.11,-67:46:43.6,-67:50:29.6
653,lmc,LMC181,6,5:41:32.28,5:42:36.99,-68:02:28.4,-68:03:42.3
654,lmc,LMC181,7,5:41:32.73,5:42:37.56,-68:09:04.4,-68:10:15.0
655,lmc,LMC181,8,5:41:30.46,5:42:36.66,-68:18:57.1,-68:14:18.1
656,lmc,LMC182,1,5:45:22.31,5:46:30.20,-68:55:41.0,-68:57:00.1
657,lmc,LMC182,2,5:45:20.95,5:46:27.94,-68:45:05.7,-68:43:30.6
658,lmc,LMC182,3,5:45:20.40,5:46:28.06,-68:35:39.5,-68:38:41.5
659,lmc,LMC182,4,5:45:20.45,5:46:22.91,-68:25:19.1,-68:23:22.8
660,lmc,LMC182,5,5:42:05.04,5:43:11.80,-68:23:03.1,-68:25:57.4
661,lmc,LMC182,6,5:42:03.28,5:43:10.50,-68:38:27.7,-68:37:32.3
662,lmc,LMC182,7,5:42:02.93,5:43:10.65,-68:48:33.8,-68:46:43.9
663,lmc,LMC182,8,5:42:03.91,5:43:10.43,-68:53:27.7,-68:55:07.8
664,lmc,LMC183,1,5:46:07.15,5:47:16.42,-69:26:29.9,-69:27:11.5
665,lmc,LMC183,2,5:46:08.53,5:47:16.26,-69:21:00.5,-69:23:09.0
666,lmc,LMC183,3,5:46:05.83,5:47:16.08,-69:11:29.0,-69:14:56.2
667,lmc,LMC183,4,5:46:06.49,5:47:12.88,-69:04:57.4,-69:01:01.3
668,lmc,LMC183,5,5:42:45.80,5:43:52.64,-69:04:01.9,-69:02:07.1
669,lmc,LMC183,6,5:42:44.58,5:43:52.49,-69:11:46.5,-69:13:26.9
670,lmc,LMC183,7,5:42:43.38,5:43:52.69,-69:23:28.6,-69:19:49.7
671,lmc,LMC183,8,5:42:40.72,5:43:52.38,-69:24:27.3,-69:30:11.1
672,lmc,LMC184,1,5:46:48.55,5:47:59.21,-70:05:42.7,-70:04:56.4
673,lmc,LMC184,2,5:46:49.12,5:47:59.40,-69:54:06.6,-69:58:26.8
674,lmc,LMC184,3,5:46:47.04,5:47:57.52,-69:48:38.8,-69:44:57.5
675,lmc,LMC184,4,5:46:46.40,5:47:56.56,-69:40:22.9,-69:39:35.5
676,lmc,LMC184,5,5:43:20.61,5:44:29.47,-69:35:03.7,-69:37:41.9
677,lmc,LMC184,6,5:43:20.25,5:44:30.44,-69:42:41.0,-69:45:21.2
678,lmc,LMC184,7,5:43:19.15,5:44:30.75,-69:56:56.3,-69:55:59.6
679,lmc,LMC184,8,5:43:18.85,5:44:29.49,-70:07:46.7,-70:04:56.4
680,lmc,LMC185,1,5:47:39.81,5:48:52.62,-70:40:17.6,-70:40:39.5
681,lmc,LMC185,2,5:47:37.91,5:48:52.24,-70:32:27.2,-70:31:39.3
682,lmc,LMC185,3,5:47:38.15,5:48:49.20,-70:24:05.6,-70:23:29.8
683,lmc,LMC185,4,5:47:36.76,5:48:48.53,-70:12:48.4,-70:13:49.2
684,lmc,LMC185,5,5:44:04.87,5:45:16.27,-70:14:33.3,-70:15:48.4
685,lmc,LMC185,6,5:44:03.98,5:45:16.22,-70:24:21.6,-70:23:02.1
686,lmc,LMC185,7,5:44:04.56,5:45:16.26,-70:32:17.6,-70:34:07.1
687,lmc,LMC185,8,5:44:02.41,5:45:15.67,-70:42:15.2,-70:40:24.6
688,lmc,LMC186,1,5:48:33.96,5:49:50.40,-71:16:37.1,-71:17:52.4
689,lmc,LMC186,2,5:48:35.73,5:49:48.33,-71:10:14.4,-71:06:12.9
690,lmc,LMC186,3,5:48:32.87,5:49:47.37,-70:57:37.3,-70:57:09.8
691,lmc,LMC186,4,5:48:32.56,5:49:45.77,-70:48:40.5,-70:48:04.4
692,lmc,LMC186,5,5:44:54.17,5:46:07.98,-70:49:03.4,-70:48:49.4
693,lmc,LMC186,6,5:44:52.99,5:46:07.38,-71:00:10.4,-70:58:23.9
694,lmc,LMC186,7,5:44:52.59,5:46:08.44,-71:07:00.6,-71:09:13.2
695,lmc,LMC186,8,5:44:51.18,5:46:07.08,-71:18:45.1,-71:17:09.0
696,lmc,LMC187,1,5:49:25.82,5:50:41.37,-71:50:54.7,-71:48:17.9
697,lmc,LMC187,2,5:49:23.13,5:50:41.75,-71:37:16.4,-71:41:14.4
698,lmc,LMC187,3,5:49:22.74,5:50:39.28,-71:28:39.1,-71:34:49.5
699,lmc,LMC187,4,5:49:21.74,5:50:38.81,-71:21:39.0,-71:23:40.3
700,lmc,LMC187,5,5:45:37.54,5:46:54.10,-71:20:16.9,-71:27:53.4
701,lmc,LMC187,6,5:45:38.00,5:46:53.01,-71:28:55.3,-71:34:50.0
702,lmc,LMC187,7,5:45:35.96,5:46:52.27,-71:43:55.4,-71:37:11.4
703,lmc,LMC187,8,5:45:34.86,5:46:51.91,-71:54:28.9,-71:48:55.5
704,lmc,LMC188,1,5:49:41.86,5:51:04.42,-72:25:58.1,-72:25:39.2
705,lmc,LMC188,2,5:49:42.06,5:51:02.72,-72:13:21.5,-72:20:26.1
706,lmc,LMC188,3,5:49:39.63,5:50:57.83,-72:10:03.8,-72:05:11.1
707,lmc,LMC188,4,5:49:38.43,5:50:58.11,-72:01:07.1,-71:54:53.5
708,lmc,LMC188,5,5:45:48.53,5:47:06.60,-71:55:16.1,-71:54:18.5
709,lmc,LMC188,6,5:45:46.07,5:47:05.81,-72:09:22.9,-72:10:58.9
710,lmc,LMC188,7,5:45:46.41,5:47:05.60,-72:21:00.1,-72:19:11.5
711,lmc,LMC188,8,5:45:45.24,5:47:05.19,-72:25:56.5,-72:22:29.2
712,lmc,LMC189,1,5:51:42.76,5:52:51.16,-68:54:30.0,-68:52:43.6
713,lmc,LMC189,2,5:51:41.88,5:52:48.78,-68:45:57.8,-68:47:15.2
714,lmc,LMC189,3,5:51:42.29,5:52:48.28,-68:37:28.9,-68:30:58.9
715,lmc,LMC189,4,5:51:41.03,5:52:46.38,-68:22:41.4,-68:21:25.6
716,lmc,LMC189,5,5:48:27.23,5:49:32.79,-68:21:58.3,-68:29:48.5
717,lmc,LMC189,6,5:48:25.21,5:49:31.38,-68:37:04.2,-68:36:33.2
718,lmc,LMC189,7,5:48:24.80,5:49:30.77,-68:45:56.8,-68:47:05.6
719,lmc,LMC189,8,5:48:23.45,5:49:33.10,-68:51:22.0,-68:56:46.7
720,lmc,LMC190,1,5:52:39.87,5:53:49.11,-69:29:20.3,-69:31:35.6
721,lmc,LMC190,2,5:52:39.42,5:53:47.41,-69:21:00.0,-69:20:29.7
722,lmc,LMC190,3,5:52:37.73,5:53:46.89,-69:11:27.9,-69:06:32.5
723,lmc,LMC190,4,5:52:37.60,5:53:45.13,-69:04:58.6,-69:01:29.7
724,lmc,LMC190,5,5:49:16.65,5:50:24.68,-69:05:45.7,-69:02:51.4
725,lmc,LMC190,6,5:49:17.06,5:50:24.37,-69:06:44.0,-69:07:53.0
726,lmc,LMC190,7,5:49:16.47,5:50:24.76,-69:20:12.9,-69:19:19.6
727,lmc,LMC190,8,5:49:15.60,5:50:24.11,-69:31:30.5,-69:25:17.2
728,lmc,LMC191,1,5:53:30.78,5:54:44.08,-70:08:11.3,-70:07:48.7
729,lmc,LMC191,2,5:53:30.21,5:54:41.18,-69:55:42.4,-69:59:18.8
730,lmc,LMC191,3,5:53:29.01,5:54:38.66,-69:46:32.9,-69:43:10.2
731,lmc,LMC191,4,5:53:28.74,5:54:36.92,-69:32:59.2,-69:37:20.3
732,lmc,LMC191,5,5:50:03.10,5:51:13.14,-69:36:56.1,-69:40:27.4
733,lmc,LMC191,6,5:50:01.48,5:51:11.95,-69:49:45.8,-69:47:18.8
734,lmc,LMC191,7,5:50:01.66,5:51:12.53,-69:51:34.0,-69:58:00.5
735,lmc,LMC191,8,5:50:01.40,5:51:12.34,-70:00:01.4,-70:08:48.0
736,lmc,LMC192,1,5:54:32.53,5:55:46.79,-70:36:30.2,-70:41:57.2
737,lmc,LMC192,2,5:54:32.96,5:55:43.52,-70:30:48.8,-70:27:45.8
738,lmc,LMC192,3,5:54:31.04,5:55:43.19,-70:18:28.5,-70:24:58.9
739,lmc,LMC192,4,5:54:32.25,5:55:42.03,-70:12:50.0,-70:13:20.1
740,lmc,LMC192,5,5:50:59.38,5:52:10.31,-70:12:32.3,-70:16:18.5
741,lmc,LMC192,6,5:50:59.79,5:52:10.14,-70:16:51.4,-70:21:10.3
742,lmc,LMC192,7,5:50:56.81,5:52:10.78,-70:34:03.5,-70:34:56.9
743,lmc,LMC192,8,5:50:57.46,5:52:11.11,-70:41:36.0,-70:42:31.3
744,lmc,LMC193,1,5:55:34.50,5:56:47.96,-71:19:47.7,-71:11:56.1
745,lmc,LMC193,2,5:55:31.39,5:56:45.28,-71:04:24.9,-71:06:39.7
746,lmc,LMC193,3,5:55:32.76,5:56:44.37,-70:59:45.6,-71:00:28.6
747,lmc,LMC193,4,5:55:30.55,5:56:45.09,-70:49:49.7,-70:50:57.0
748,lmc,LMC193,5,5:51:52.14,5:53:05.54,-70:48:25.2,-70:50:01.8
749,lmc,LMC193,6,5:51:52.41,5:53:01.42,-70:53:37.5,-70:58:25.8
750,lmc,LMC193,7,5:51:50.06,5:53:04.97,-71:10:16.7,-71:09:26.8
751,lmc,LMC193,8,5:51:49.01,5:53:05.52,-71:19:36.1,-71:17:00.0
752,lmc,LMC194,1,5:56:47.73,5:58:04.17,-71:49:30.5,-71:46:26.6
753,lmc,LMC194,2,5:56:45.13,5:58:02.63,-71:43:10.7,-71:38:41.8
754,lmc,LMC194,3,5:56:44.64,5:57:57.91,-71:28:53.0,-71:28:06.3
755,lmc,LMC194,4,5:56:45.24,5:58:00.22,-71:23:33.9,-71:27:25.4
756,lmc,LMC194,5,5:52:59.30,5:54:15.98,-71:21:28.8,-71:19:33.1
757,lmc,LMC194,6,5:52:58.32,5:54:14.22,-71:34:14.1,-71:33:59.6
758,lmc,LMC194,7,5:52:57.10,5:54:15.83,-71:45:20.4,-71:45:11.2
759,lmc,LMC194,8,5:52:57.29,5:54:15.15,-71:54:19.8,-71:53:15.9
760,lmc,LMC195,1,5:57:13.14,5:58:38.37,-72:24:27.3,-72:21:30.7
761,lmc,LMC195,2,5:57:15.41,5:58:32.39,-72:13:17.7,-72:13:56.2
762,lmc,LMC195,3,5:57:15.31,5:58:29.78,-72:10:37.2,-72:04:56.7
763,lmc,LMC195,4,5:57:13.43,5:58:30.69,-72:00:12.4,-71:55:30.3
764,lmc,LMC195,5,5:53:23.76,5:54:40.15,-71:59:01.5,-71:55:33.2
765,lmc,LMC195,6,5:53:19.77,5:54:39.03,-72:03:44.5,-72:10:03.1
766,lmc,LMC195,7,5:53:20.14,5:54:34.78,-72:15:14.4,-72:13:59.1
767,lmc,LMC195,8,5:53:14.35,5:54:38.20,-72:30:38.2,-72:26:40.3
768,lmc,LMC196,1,5:58:00.19,5:59:08.49,-68:48:52.5,-68:53:45.6
769,lmc,LMC196,2,5:58:02.26,5:59:05.81,-68:47:09.3,-68:42:25.2
770,lmc,LMC196,3,5:58:00.76,5:59:04.33,-68:37:42.2,-68:32:40.5
771,lmc,LMC196,4,5:57:58.80,5:59:05.01,-68:27:56.3,-68:26:52.1
772,lmc,LMC196,5,5:54:43.50,5:55:48.61,-68:29:07.4,-68:23:35.0
773,lmc,LMC196,6,5:54:42.58,5:55:50.02,-68:35:48.0,-68:31:03.2
774,lmc,LMC196,7,5:54:41.78,5:55:49.47,-68:41:36.6,-68:43:37.3
775,lmc,LMC196,8,5:54:43.71,5:55:50.40,-68:52:14.5,-68:55:13.5
776,lmc,LMC197,1,5:59:12.47,6:00:16.72,-69:29:53.7,-69:24:45.5
777,lmc,LMC197,2,5:59:12.18,6:00:22.25,-69:23:13.6,-69:22:07.0
778,lmc,LMC197,3,5:59:11.49,6:00:18.45,-69:12:02.1,-69:12:43.0
779,lmc,LMC197,4,5:59:09.29,6:00:19.23,-68:57:19.4,-69:04:16.1
780,lmc,LMC197,5,5:55:50.69,5:56:58.46,-69:04:36.0,-68:58:45.9
781,lmc,LMC197,6,5:55:49.99,5:56:57.62,-69:06:10.9,-69:09:23.1
782,lmc,LMC197,7,5:55:47.97,5:56:56.77,-69:20:21.9,-69:22:39.7
783,lmc,LMC197,8,5:55:48.90,5:56:57.46,-69:24:48.4,-69:28:05.0
784,lmc,LMC198,1,6:00:09.31,6:01:20.82,-70:03:15.2,-69:59:53.8
785,lmc,LMC198,2,6:00:09.33,6:01:19.25,-69:51:46.5,-69:55:09.1
786,lmc,LMC198,3,6:00:08.24,6:01:21.80,-69:50:22.6,-69:47:37.0
787,lmc,LMC198,4,6:00:07.48,6:01:18.24,-69:40:07.4,-69:37:26.6
788,lmc,LMC198,5,5:56:42.56,5:57:52.13,-69:40:36.1,-69:38:58.0
789,lmc,LMC198,6,5:56:41.47,5:57:50.24,-69:43:20.3,-69:48:12.8
790,lmc,LMC198,7,5:56:42.07,5:57:51.18,-69:54:16.0,-69:59:30.3
791,lmc,LMC198,8,5:56:40.54,5:57:49.93,-70:05:52.1,-70:02:06.7
792,lmc,LMC199,1,6:01:24.39,6:02:35.99,-70:36:44.2,-70:38:58.0
793,lmc,LMC199,2,6:01:25.21,6:02:33.67,-70:33:47.3,-70:34:40.8
794,lmc,LMC199,3,6:01:21.98,6:02:34.49,-70:18:54.0,-70:23:57.6
795,lmc,LMC199,4,6:01:22.17,6:02:33.43,-70:08:42.6,-70:12:15.4
796,lmc,LMC199,5,5:57:50.03,5:59:02.06,-70:08:58.9,-70:12:53.1
797,lmc,LMC199,6,5:57:49.07,5:59:00.34,-70:20:28.6,-70:20:32.0
798,lmc,LMC199,7,5:57:48.42,5:59:01.00,-70:31:41.0,-70:30:22.6
799,lmc,LMC199,8,5:57:48.24,5:59:00.49,-70:43:00.3,-70:43:11.0
800,lmc,LMC200,1,6:02:37.89,6:03:53.85,-71:19:56.3,-71:12:32.9
801,lmc,LMC200,2,6:02:37.79,6:03:53.55,-71:08:51.0,-71:10:48.4
802,lmc,LMC200,3,6:02:37.46,6:03:48.37,-70:54:33.0,-70:54:29.0
803,lmc,LMC200,4,6:02:35.57,6:03:51.74,-70:44:26.8,-70:48:27.6
804,lmc,LMC200,5,5:59:01.17,6:00:11.99,-70:48:00.3,-70:44:36.6
805,lmc,LMC200,6,5:58:55.47,6:00:12.38,-70:57:54.8,-71:00:48.6
806,lmc,LMC200,7,5:58:56.88,6:00:11.29,-71:08:47.4,-71:01:49.1
807,lmc,LMC200,8,5:58:54.89,6:00:10.33,-71:18:29.7,-71:11:05.9
808,lmc,LMC201,1,6:04:01.82,6:05:18.56,-71:53:13.1,-71:47:52.6
809,lmc,LMC201,2,6:04:01.88,6:05:19.77,-71:45:51.7,-71:43:24.9
810,lmc,LMC201,3,6:03:59.70,6:05:16.85,-71:34:09.0,-71:29:12.9
811,lmc,LMC201,4,6:04:01.05,6:05:16.08,-71:24:36.1,-71:23:53.3
812,lmc,LMC201,5,6:00:15.47,6:01:31.45,-71:26:26.9,-71:20:07.8
813,lmc,LMC201,6,6:00:14.72,6:01:31.89,-71:36:38.5,-71:28:08.2
814,lmc,LMC201,7,6:00:11.71,6:01:31.43,-71:44:26.0,-71:44:35.8
815,lmc,LMC201,8,6:00:12.22,6:01:31.44,-71:54:58.6,-71:47:41.6
816,lmc,LMC202,1,6:04:49.43,6:06:02.29,-72:27:21.6,-72:27:53.5
817,lmc,LMC202,2,6:04:46.74,6:06:06.79,-72:14:33.9,-72:20:46.4
818,lmc,LMC202,3,6:04:44.09,6:06:02.33,-72:08:56.8,-72:06:13.0
819,lmc,LMC202,4,6:04:45.10,6:06:03.24,-71:56:13.5,-71:57:37.8
820,lmc,LMC202,5,6:00:50.97,6:02:10.58,-72:00:55.1,-71:58:24.7
821,lmc,LMC202,6,6:00:50.38,6:02:10.24,-72:06:06.9,-72:07:48.4
822,lmc,LMC202,7,6:00:50.56,6:02:10.03,-72:15:25.2,-72:15:15.5
823,lmc,LMC202,8,6:00:48.09,6:02:10.58,-72:26:45.6,-72:29:18.1
824,lmc,LMC203,1,6:04:48.58,6:06:13.01,-73:02:48.5,-73:03:17.6
825,lmc,LMC203,2,6:04:50.18,6:06:13.75,-72:56:46.0,-72:56:22.1
826,lmc,LMC203,3,6:04:49.87,6:06:08.83,-72:47:48.2,-72:40:15.9
827,lmc,LMC203,4,6:04:47.88,6:06:07.78,-72:36:42.0,-72:30:22.5
828,lmc,LMC203,5,6:00:49.41,6:02:10.40,-72:30:13.9,-72:35:37.6
829,lmc,LMC203,6,6:00:45.12,6:02:09.87,-72:44:14.5,-72:46:27.2
830,lmc,LMC203,7,6:00:45.26,6:02:07.82,-72:55:44.8,-72:53:57.9
831,lmc,LMC203,8,6:00:44.05,6:02:07.31,-73:04:36.0,-73:03:36.4
832,lmc,LMC204,1,6:04:19.89,6:05:25.42,-68:53:47.8,-68:54:01.1
833,lmc,LMC204,2,6:04:18.23,6:05:23.78,-68:42:57.7,-68:39:38.8
834,lmc,LMC204,3,6:04:17.09,6:05:23.04,-68:38:58.7,-68:35:58.6
835,lmc,LMC204,4,6:04:16.63,6:05:22.97,-68:26:36.2,-68:26:20.4
836,lmc,LMC204,5,6:01:01.49,6:02:07.55,-68:24:09.2,-68:28:10.0
837,lmc,LMC204,6,6:01:00.75,6:02:07.89,-68:32:46.3,-68:36:55.0
838,lmc,LMC204,7,6:01:00.72,6:02:07.07,-68:43:11.5,-68:45:41.8
839,lmc,LMC204,8,6:01:00.25,6:02:07.42,-68:54:00.6,-68:54:10.3
840,lmc,LMC205,1,6:05:38.55,6:06:41.87,-69:32:45.9,-69:24:32.7
841,lmc,LMC205,2,6:05:39.10,6:06:46.87,-69:24:14.0,-69:18:53.7
842,lmc,LMC205,3,6:05:39.02,6:06:44.80,-69:10:18.6,-69:11:30.9
843,lmc,LMC205,4,6:05:38.03,6:06:43.49,-69:03:36.8,-68:58:21.0
844,lmc,LMC205,5,6:02:17.15,6:03:22.47,-69:04:42.3,-69:02:30.2
845,lmc,LMC205,6,6:02:15.19,6:03:25.06,-69:12:51.3,-69:07:10.1
846,lmc,LMC205,7,6:02:14.73,6:03:21.86,-69:15:45.6,-69:23:09.8
847,lmc,LMC205,8,6:02:14.81,6:03:24.39,-69:28:02.9,-69:24:38.1
848,lmc,LMC206,1,6:06:50.11,6:08:00.65,-70:07:15.6,-70:07:22.0
849,lmc,LMC206,2,6:06:49.52,6:07:58.94,-69:52:40.3,-69:51:08.7
850,lmc,LMC206,3,6:06:49.71,6:07:58.81,-69:49:39.8,-69:44:13.1
851,lmc,LMC206,4,6:06:48.94,6:07:57.27,-69:40:02.9,-69:37:09.7
852,lmc,LMC206,5,6:03:22.04,6:04:32.37,-69:32:16.1,-69:38:15.1
853,lmc,LMC206,6,6:03:21.36,6:04:31.08,-69:49:36.9,-69:43:26.8
854,lmc,LMC206,7,6:03:20.79,6:04:32.94,-69:54:12.2,-69:58:55.4
855,lmc,LMC206,8,6:03:19.19,6:04:31.02,-70:03:54.0,-70:06:44.2
856,lmc,LMC207,1,6:08:19.48,6:09:32.74,-70:39:33.0,-70:41:17.8
857,lmc,LMC207,2,6:08:17.59,6:09:32.36,-70:29:44.4,-70:34:54.0
858,lmc,LMC207,3,6:08:17.34,6:09:28.93,-70:23:30.9,-70:17:56.0
859,lmc,LMC207,4,6:08:14.06,6:09:28.85,-70:09:55.6,-70:15:41.0
860,lmc,LMC207,5,6:04:44.42,6:05:54.97,-70:08:54.9,-70:11:21.9
861,lmc,LMC207,6,6:04:45.11,6:05:56.10,-70:18:20.8,-70:23:29.4
862,lmc,LMC207,7,6:04:44.06,6:05:55.19,-70:27:52.2,-70:32:50.8
863,lmc,LMC207,8,6:04:42.19,6:05:55.57,-70:35:03.3,-70:41:34.0
864,lmc,LMC208,1,6:09:42.74,6:10:58.57,-71:14:38.8,-71:17:58.7
865,lmc,LMC208,2,6:09:41.75,6:10:57.41,-71:05:03.9,-71:07:26.3
866,lmc,LMC208,3,6:09:41.34,6:10:55.54,-70:59:26.5,-70:55:43.6
867,lmc,LMC208,4,6:09:39.99,6:10:54.32,-70:43:30.1,-70:48:45.2
868,lmc,LMC208,5,6:06:02.28,6:07:16.49,-70:52:18.2,-70:49:46.8
869,lmc,LMC208,6,6:06:02.14,6:07:15.61,-70:55:09.9,-71:00:05.5
870,lmc,LMC208,7,6:06:02.14,6:07:15.52,-71:09:27.2,-71:02:00.7
871,lmc,LMC208,8,6:06:00.12,6:07:16.98,-71:19:11.8,-71:13:19.8
872,lmc,LMC209,1,6:11:23.45,6:12:40.93,-71:52:01.8,-71:48:30.2
873,lmc,LMC209,2,6:11:18.72,6:12:42.80,-71:38:38.6,-71:45:29.8
874,lmc,LMC209,3,6:11:03.26,6:12:37.20,-71:32:06.4,-71:31:49.5
875,lmc,LMC209,4,6:11:18.73,6:12:36.90,-71:23:49.5,-71:26:35.1
876,lmc,LMC209,5,6:07:34.26,6:08:51.31,-71:26:09.3,-71:22:31.0
877,lmc,LMC209,6,6:07:34.95,6:08:54.00,-71:35:29.9,-71:30:56.0
878,lmc,LMC209,7,6:07:34.71,6:08:51.42,-71:37:37.9,-71:40:11.2
879,lmc,LMC209,8,6:07:32.43,6:08:51.32,-71:46:40.7,-71:52:18.3
880,lmc,LMC210,1,6:12:22.45,6:13:42.48,-72:23:03.8,-72:21:41.4
881,lmc,LMC210,2,6:12:23.95,6:13:39.64,-72:20:19.5,-72:15:42.5
882,lmc,LMC210,3,6:12:20.75,6:13:42.27,-72:08:43.9,-72:11:22.1
883,lmc,LMC210,4,6:12:20.46,6:13:39.76,-71:54:20.2,-72:01:49.6
884,lmc,LMC210,5,6:08:28.17,6:09:46.10,-72:01:31.8,-71:59:30.9
885,lmc,LMC210,6,6:08:30.24,6:09:47.16,-72:04:41.3,-72:06:54.3
886,lmc,LMC210,7,6:08:27.64,6:09:48.41,-72:16:35.5,-72:17:01.0
887,lmc,LMC210,8,6:08:25.15,6:09:45.87,-72:28:59.8,-72:28:38.0
888,lmc,LMC211,1,6:12:45.94,6:14:05.46,-73:03:16.6,-73:03:25.6
889,lmc,LMC211,2,6:12:39.97,6:14:02.82,-72:54:48.4,-72:51:51.3
890,lmc,LMC211,3,6:12:41.96,6:14:03.16,-72:47:41.7,-72:46:58.5
891,lmc,LMC211,4,6:12:41.11,6:14:00.84,-72:35:09.6,-72:36:04.0
892,lmc,LMC211,5,6:08:43.58,6:10:04.51,-72:35:21.9,-72:30:00.0
893,lmc,LMC211,6,6:08:42.51,6:10:02.21,-72:46:50.9,-72:40:27.9
894,lmc,LMC211,7,6:08:38.04,6:10:00.72,-72:52:10.2,-72:54:16.9
895,lmc,LMC211,8,6:08:38.01,6:10:01.47,-73:05:10.5,-73:06:03.8
896,lmc,LMC212,1,6:12:13.95,6:13:22.12,-69:31:55.8,-69:32:57.6
897,lmc,LMC212,2,6:12:12.38,6:13:22.11,-69:19:47.2,-69:23:15.2
898,lmc,LMC212,3,6:12:10.36,6:13:18.21,-69:07:55.0,-69:10:31.3
899,lmc,LMC212,4,6:12:11.22,6:13:18.10,-69:02:11.4,-69:00:07.6
900,lmc,LMC212,5,6:08:50.63,6:09:56.75,-69:03:11.3,-68:59:44.6
901,lmc,LMC212,6,6:08:50.05,6:09:57.24,-69:08:11.7,-69:07:03.6
902,lmc,LMC212,7,6:08:49.65,6:09:58.63,-69:15:00.1,-69:18:50.1
903,lmc,LMC212,8,6:08:50.74,6:09:58.25,-69:29:15.2,-69:31:58.2
904,lmc,LMC213,1,6:13:23.06,6:14:37.68,-70:03:38.2,-70:08:07.4
905,lmc,LMC213,2,6:13:25.51,6:14:34.40,-69:56:07.1,-69:54:22.6
906,lmc,LMC213,3,6:13:24.56,6:14:35.26,-69:47:13.9,-69:42:32.3
907,lmc,LMC213,4,6:13:22.75,6:14:33.12,-69:38:12.1,-69:35:31.7
908,lmc,LMC213,5,6:09:56.98,6:11:09.18,-69:37:39.3,-69:34:09.7
909,lmc,LMC213,6,6:09:53.78,6:11:07.63,-69:45:02.0,-69:44:18.9
910,lmc,LMC213,7,6:09:55.02,6:11:07.10,-69:54:26.8,-69:58:26.5
911,lmc,LMC213,8,6:09:54.17,6:11:03.97,-70:07:17.4,-70:06:47.3
912,lmc,LMC214,1,6:15:11.43,6:16:23.02,-70:39:39.9,-70:41:34.2
913,lmc,LMC214,2,6:15:09.03,6:16:21.98,-70:30:33.0,-70:31:42.6
914,lmc,LMC214,3,6:15:07.78,6:16:20.13,-70:24:06.2,-70:21:46.0
915,lmc,LMC214,4,6:15:06.34,6:16:17.99,-70:09:50.6,-70:17:03.6
916,lmc,LMC214,5,6:11:34.87,6:12:46.56,-70:16:48.3,-70:08:21.3
917,lmc,LMC214,6,6:11:32.45,6:12:45.62,-70:24:04.0,-70:21:47.9
918,lmc,LMC214,7,6:11:35.77,6:12:46.40,-70:30:20.6,-70:26:42.0
919,lmc,LMC214,8,6:11:33.07,6:12:44.22,-70:35:39.9,-70:42:28.7
920,lmc,LMC215,1,6:16:48.65,6:18:04.80,-71:16:47.6,-71:19:33.7
921,lmc,LMC215,2,6:16:49.78,6:18:02.67,-71:08:52.5,-71:03:31.8
922,lmc,LMC215,3,6:16:49.38,6:18:02.10,-70:58:09.2,-70:58:40.5
923,lmc,LMC215,4,6:16:46.35,6:18:01.12,-70:48:00.2,-70:49:09.0
924,lmc,LMC215,5,6:13:11.06,6:14:22.07,-70:48:17.8,-70:50:38.2
925,lmc,LMC215,6,6:13:07.06,6:14:21.82,-70:57:01.8,-70:57:33.1
926,lmc,LMC215,7,6:13:09.83,6:14:21.69,-71:06:10.6,-71:04:10.7
927,lmc,LMC215,8,6:13:05.83,6:14:21.24,-71:14:06.9,-71:14:21.9
928,smc,SMC100,1,0:51:28.36,0:52:53.67,-73:22:24.8,-73:26:08.3
929,smc,SMC100,2,0:51:28.67,0:52:54.00,-73:15:36.8,-73:15:27.8
930,smc,SMC100,3,0:51:26.91,0:52:51.35,-73:05:32.7,-73:05:54.9
931,smc,SMC100,4,0:51:26.38,0:52:49.61,-72:55:33.8,-72:56:25.0
932,smc,SMC100,5,0:47:23.89,0:48:45.55,-72:57:34.6,-72:57:40.2
933,smc,SMC100,6,0:47:22.42,0:48:43.75,-73:04:13.6,-73:07:44.6
934,smc,SMC100,7,0:47:20.49,0:48:43.68,-73:13:47.3,-73:13:26.5
935,smc,SMC100,8,0:47:17.73,0:48:43.85,-73:25:26.3,-73:22:11.4
936,smc,SMC101,1,0:51:25.08,0:52:45.97,-72:48:37.0,-72:49:09.7
937,smc,SMC101,2,0:51:23.26,0:52:45.46,-72:40:05.3,-72:39:12.3
938,smc,SMC101,3,0:51:23.53,0:52:42.80,-72:30:14.1,-72:31:45.2
939,smc,SMC101,4,0:51:22.83,0:52:43.18,-72:20:46.7,-72:22:18.5
940,smc,SMC101,5,0:47:26.03,0:48:45.71,-72:19:49.3,-72:21:02.6
941,smc,SMC101,6,0:47:24.20,0:48:44.18,-72:30:14.0,-72:29:56.6
942,smc,SMC101,7,0:47:24.15,0:48:44.21,-72:38:26.9,-72:39:45.5
943,smc,SMC101,8,0:47:23.20,0:48:43.90,-72:49:20.7,-72:49:27.8
944,smc,SMC102,1,0:51:27.28,0:52:46.62,-72:12:44.4,-72:13:35.8
945,smc,SMC102,2,0:51:27.55,0:52:42.97,-72:04:48.7,-71:57:22.5
946,smc,SMC102,3,0:51:23.53,0:52:41.76,-71:49:08.5,-71:52:06.8
947,smc,SMC102,4,0:51:24.34,0:52:42.58,-71:44:06.9,-71:44:44.8
948,smc,SMC102,5,0:47:37.38,0:48:53.55,-71:42:01.0,-71:39:23.0
949,smc,SMC102,6,0:47:33.67,0:48:52.86,-71:53:25.2,-71:54:55.8
950,smc,SMC102,7,0:47:32.79,0:48:50.84,-72:05:52.3,-72:05:43.4
951,smc,SMC102,8,0:47:31.86,0:48:50.80,-72:08:50.8,-72:13:01.2
952,smc,SMC103,1,0:51:34.19,0:53:03.30,-74:01:28.9,-74:00:01.2
953,smc,SMC103,2,0:51:33.20,0:53:00.82,-73:51:38.1,-73:51:52.7
954,smc,SMC103,3,0:51:32.63,0:52:59.27,-73:41:34.0,-73:40:10.4
955,smc,SMC103,4,0:51:33.28,0:52:57.33,-73:34:04.4,-73:31:34.5
956,smc,SMC103,5,0:47:17.36,0:48:45.98,-73:34:28.1,-73:30:41.4
957,smc,SMC103,6,0:47:16.98,0:48:44.70,-73:43:23.8,-73:42:22.1
958,smc,SMC103,7,0:47:15.96,0:48:42.31,-73:49:31.4,-73:51:08.3
959,smc,SMC103,8,0:47:15.50,0:48:37.68,-73:55:24.2,-73:59:20.7
960,smc,SMC104,1,0:51:36.41,0:53:06.08,-74:37:26.4,-74:31:00.6
961,smc,SMC104,2,0:51:35.46,0:53:04.19,-74:26:20.6,-74:24:00.6
962,smc,SMC104,3,0:51:32.72,0:53:01.31,-74:10:56.0,-74:12:37.1
963,smc,SMC104,4,0:51:34.62,0:53:00.57,-74:09:34.4,-74:07:22.6
964,smc,SMC104,5,0:47:10.93,0:48:40.15,-74:02:56.0,-74:03:41.9
965,smc,SMC104,6,0:47:10.77,0:48:38.37,-74:15:02.7,-74:18:22.7
966,smc,SMC104,7,0:47:07.44,0:48:39.83,-74:27:57.4,-74:24:56.2
967,smc,SMC104,8,0:47:04.51,0:48:36.56,-74:36:54.3,-74:29:37.6
968,smc,SMC105,1,0:59:11.62,1:00:34.81,-72:59:20.2,-73:02:03.0
969,smc,SMC105,2,0:59:11.03,1:00:32.10,-72:51:38.2,-72:50:03.3
970,smc,SMC105,3,0:59:09.67,1:00:32.99,-72:41:42.8,-72:42:27.1
971,smc,SMC105,4,0:59:09.02,1:00:29.97,-72:31:03.1,-72:31:28.4
972,smc,SMC105,5,0:55:12.34,0:56:31.02,-72:31:18.4,-72:32:52.5
973,smc,SMC105,6,0:55:09.40,0:56:29.69,-72:40:23.0,-72:44:16.8
974,smc,SMC105,7,0:55:07.61,0:56:29.02,-72:50:40.3,-72:50:00.9
975,smc,SMC105,8,0:55:07.89,0:56:30.11,-72:58:58.1,-72:58:25.4
976,smc,SMC106,1,0:59:30.28,1:00:56.20,-73:35:07.8,-73:34:33.2
977,smc,SMC106,2,0:59:30.52,1:00:53.71,-73:26:45.8,-73:25:58.3
978,smc,SMC106,3,0:59:29.97,1:00:52.93,-73:16:38.1,-73:19:27.3
979,smc,SMC106,4,0:59:27.72,1:00:52.73,-73:06:49.6,-73:10:28.1
980,smc,SMC106,5,0:55:22.80,0:56:45.88,-73:06:57.9,-73:07:20.0
981,smc,SMC106,6,0:55:20.24,0:56:43.29,-73:15:47.4,-73:19:16.6
982,smc,SMC106,7,0:55:17.86,0:56:43.71,-73:26:14.2,-73:28:03.5
983,smc,SMC106,8,0:55:17.04,0:56:41.57,-73:36:54.0,-73:38:38.5
984,smc,SMC107,1,0:59:48.77,1:01:17.77,-74:09:13.6,-74:10:22.9
985,smc,SMC107,2,0:59:49.27,1:01:16.45,-73:57:25.6,-73:57:02.3
986,smc,SMC107,3,0:59:48.56,1:01:14.68,-73:54:10.9,-73:53:10.2
987,smc,SMC107,4,0:59:46.92,1:01:13.16,-73:43:18.7,-73:41:57.4
988,smc,SMC107,5,0:55:32.10,0:56:59.05,-73:39:51.3,-73:43:06.7
989,smc,SMC107,6,0:55:29.01,0:56:56.95,-73:55:36.0,-73:47:35.8
990,smc,SMC107,7,0:55:28.94,0:56:57.83,-73:57:27.4,-73:56:38.1
991,smc,SMC107,8,0:55:26.77,0:56:56.50,-74:07:56.7,-74:11:38.6
992,smc,SMC108,1,0:58:49.07,1:00:09.61,-72:24:18.3,-72:23:42.4
993,smc,SMC108,2,0:58:49.80,1:00:09.83,-72:15:37.7,-72:18:35.1
994,smc,SMC108,3,0:58:47.88,1:00:07.25,-72:08:57.7,-72:07:50.0
995,smc,SMC108,4,0:58:47.79,1:00:06.04,-71:57:16.2,-71:57:35.6
996,smc,SMC108,5,0:54:54.23,0:56:13.95,-72:00:10.3,-71:56:05.6
997,smc,SMC108,6,0:54:54.51,0:56:13.78,-72:05:50.8,-72:07:21.1
998,smc,SMC108,7,0:54:54.83,0:56:13.20,-72:15:04.6,-72:15:16.3
999,smc,SMC108,8,0:54:52.15,0:56:14.30,-72:24:38.5,-72:23:30.9
1000,smc,SMC109,1,0:58:34.01,0:59:50.59,-71:50:12.4,-71:43:35.6
1001,smc,SMC109,2,0:58:32.84,0:59:51.06,-71:39:35.7,-71:41:14.8
1002,smc,SMC109,3,0:58:32.18,0:59:49.53,-71:25:21.1,-71:31:39.0
1003,smc,SMC109,4,0:58:33.47,0:59:46.95,-71:16:49.3,-71:22:39.1
1004,smc,SMC109,5,0:54:43.35,0:56:04.75,-71:23:53.4,-71:19:37.0
1005,smc,SMC109,6,0:54:46.68,0:56:03.64,-71:28:34.9,-71:25:30.5
1006,smc,SMC109,7,0:54:46.40,0:56:03.31,-71:34:02.2,-71:40:42.1
1007,smc,SMC109,8,0:54:44.98,0:56:02.75,-71:44:08.9,-71:51:32.8
1008,smc,SMC110,1,1:07:00.65,1:08:15.99,-73:00:21.7,-73:02:08.1
1009,smc,SMC110,2,1:06:55.85,1:08:22.11,-72:51:32.6,-72:52:32.6
1010,smc,SMC110,3,1:06:59.47,1:08:19.65,-72:44:05.1,-72:38:45.8
1011,smc,SMC110,4,1:06:58.58,1:08:19.71,-72:35:23.2,-72:33:27.7
1012,smc,SMC110,5,1:03:00.05,1:04:21.08,-72:32:16.4,-72:32:21.6
1013,smc,SMC110,6,1:02:53.16,1:04:20.05,-72:40:55.1,-72:41:58.3
1014,smc,SMC110,7,1:02:57.50,1:04:19.43,-72:51:56.2,-72:50:18.8
1015,smc,SMC110,8,1:02:55.75,1:04:19.16,-73:00:04.5,-72:59:51.8
1016,smc,SMC111,1,1:07:34.03,1:09:00.14,-73:31:38.9,-73:30:15.9
1017,smc,SMC111,2,1:07:33.20,1:08:57.07,-73:24:37.5,-73:26:24.3
1018,smc,SMC111,3,1:07:32.27,1:08:56.73,-73:17:55.5,-73:18:06.9
1019,smc,SMC111,4,1:07:30.49,1:08:54.67,-73:07:30.5,-73:04:07.4
1020,smc,SMC111,5,1:03:25.48,1:04:46.95,-73:08:23.7,-73:09:28.6
1021,smc,SMC111,6,1:03:23.39,1:04:47.52,-73:17:59.6,-73:17:43.5
1022,smc,SMC111,7,1:03:21.67,1:04:48.39,-73:26:48.8,-73:26:32.0
1023,smc,SMC111,8,1:03:21.19,1:04:46.45,-73:32:58.3,-73:35:22.9
1024,smc,SMC112,1,1:07:56.96,1:09:30.68,-74:05:27.6,-74:09:42.8
1025,smc,SMC112,2,1:08:03.92,1:09:31.59,-73:59:01.2,-74:02:36.2
1026,smc,SMC112,3,1:08:01.37,1:09:31.27,-73:47:03.7,-73:48:11.5
1027,smc,SMC112,4,1:08:01.91,1:09:29.18,-73:40:48.0,-73:44:45.9
1028,smc,SMC112,5,1:03:46.75,1:05:07.77,-73:43:59.5,-73:43:49.3
1029,smc,SMC112,6,1:03:45.85,1:05:13.26,-73:47:30.0,-73:47:21.8
1030,smc,SMC112,7,1:03:42.36,1:05:11.04,-73:59:52.7,-73:56:36.7
1031,smc,SMC112,8,1:03:40.85,1:05:11.07,-74:09:50.3,-74:11:05.0
1032,smc,SMC113,1,1:06:22.42,1:07:40.34,-72:23:31.5,-72:24:04.2
1033,smc,SMC113,2,1:06:20.62,1:07:40.01,-72:15:12.6,-72:15:47.5
1034,smc,SMC113,3,1:06:20.53,1:07:38.78,-72:08:33.6,-72:09:02.1
1035,smc,SMC113,4,1:06:20.03,1:07:38.01,-71:52:20.6,-71:59:40.5
1036,smc,SMC113,5,1:02:28.36,1:03:45.97,-72:00:22.5,-71:59:59.9
1037,smc,SMC113,6,1:02:25.77,1:03:45.62,-72:05:32.7,-72:08:51.6
1038,smc,SMC113,7,1:02:25.02,1:03:44.06,-72:10:50.6,-72:17:26.3
1039,smc,SMC113,8,1:02:25.31,1:03:43.43,-72:25:30.2,-72:27:06.2
1040,smc,SMC114,1,1:05:46.68,1:07:04.67,-71:43:46.4,-71:50:27.3
1041,smc,SMC114,2,1:05:47.11,1:07:03.81,-71:34:34.8,-71:42:01.7
1042,smc,SMC114,3,1:05:46.49,1:07:03.34,-71:31:18.7,-71:32:12.1
1043,smc,SMC114,4,1:05:44.59,1:06:59.98,-71:23:32.4,-71:18:28.1
1044,smc,SMC114,5,1:02:00.52,1:03:17.92,-71:21:49.8,-71:18:20.4
1045,smc,SMC114,6,1:01:59.53,1:03:16.31,-71:29:41.1,-71:25:47.9
1046,smc,SMC114,7,1:01:58.84,1:03:16.62,-71:39:15.5,-71:39:55.9
1047,smc,SMC114,8,1:01:59.37,1:03:15.97,-71:48:36.6,-71:50:41.4
1048,smc,SMC115,1,1:14:43.06,1:16:05.94,-73:00:46.8,-72:57:39.1
1049,smc,SMC115,2,1:14:44.34,1:16:09.45,-72:52:47.3,-72:51:06.2
1050,smc,SMC115,3,1:14:40.78,1:16:03.51,-72:39:44.9,-72:39:28.2
1051,smc,SMC115,4,1:14:41.47,1:16:00.81,-72:29:00.1,-72:34:33.6
1052,smc,SMC115,5,1:10:42.17,1:12:02.52,-72:33:00.8,-72:32:15.4
1053,smc,SMC115,6,1:10:41.87,1:12:01.95,-72:41:07.7,-72:35:29.3
1054,smc,SMC115,7,1:10:39.89,1:12:01.72,-72:46:53.8,-72:45:09.6
1055,smc,SMC115,8,1:10:39.05,1:12:00.75,-73:01:35.9,-73:02:28.3
1056,smc,SMC116,1,1:15:21.99,1:16:48.23,-73:34:00.3,-73:29:59.6
1057,smc,SMC116,2,1:15:21.12,1:16:45.93,-73:26:31.7,-73:26:12.3
1058,smc,SMC116,3,1:15:21.29,1:16:42.69,-73:16:24.5,-73:12:47.5
1059,smc,SMC116,4,1:15:20.32,1:16:42.73,-73:08:17.8,-73:04:51.7
1060,smc,SMC116,5,1:11:12.34,1:12:35.10,-73:10:26.4,-73:08:16.2
1061,smc,SMC116,6,1:11:11.00,1:12:36.59,-73:20:08.5,-73:17:01.3
1062,smc,SMC116,7,1:11:09.08,1:12:33.70,-73:27:18.4,-73:29:28.9
1063,smc,SMC116,8,1:11:07.28,1:12:35.05,-73:35:46.6,-73:32:00.5
1064,smc,SMC117,1,1:16:26.58,1:17:58.27,-74:08:54.8,-74:08:57.4
1065,smc,SMC117,2,1:16:38.68,1:17:56.73,-74:03:03.9,-73:57:22.3
1066,smc,SMC117,3,1:16:28.47,1:17:55.56,-73:48:32.9,-73:54:17.8
1067,smc,SMC117,4,1:16:27.53,1:17:49.16,-73:42:04.1,-73:39:32.4
1068,smc,SMC117,5,1:12:14.09,1:13:41.94,-73:40:07.8,-73:38:55.6
1069,smc,SMC117,6,1:12:11.47,1:13:34.98,-73:54:43.8,-73:48:32.2
1070,smc,SMC117,7,1:12:00.60,1:13:36.43,-74:01:40.6,-74:01:55.4
1071,smc,SMC117,8,1:12:08.10,1:13:36.08,-74:12:49.8,-74:13:17.7
1072,smc,SMC118,1,1:13:57.01,1:15:17.39,-72:25:16.9,-72:24:22.5
1073,smc,SMC118,2,1:13:58.63,1:15:13.42,-72:14:55.2,-72:12:02.5
1074,smc,SMC118,3,1:13:56.57,1:15:12.34,-72:02:12.2,-72:01:14.7
1075,smc,SMC118,4,1:13:55.01,1:15:12.00,-71:59:26.7,-71:56:12.1
1076,smc,SMC118,5,1:10:05.09,1:11:22.80,-71:55:20.9,-71:58:00.6
1077,smc,SMC118,6,1:10:01.42,1:11:20.38,-72:08:24.3,-72:07:29.7
1078,smc,SMC118,7,1:09:57.96,1:11:21.45,-72:11:36.3,-72:16:26.6
1079,smc,SMC118,8,1:10:00.45,1:11:19.58,-72:22:54.2,-72:25:15.3
1080,smc,SMC119,1,1:13:03.46,1:14:21.64,-71:44:39.9,-71:44:12.1
1081,smc,SMC119,2,1:13:02.63,1:14:18.16,-71:34:35.7,-71:35:02.4
1082,smc,SMC119,3,1:13:01.68,1:14:17.98,-71:28:25.1,-71:30:04.1
1083,smc,SMC119,4,1:13:01.62,1:14:17.17,-71:24:17.4,-71:23:07.0
1084,smc,SMC119,5,1:09:17.25,1:10:34.54,-71:23:41.8,-71:17:29.8
1085,smc,SMC119,6,1:09:16.61,1:10:32.07,-71:32:41.8,-71:24:54.1
1086,smc,SMC119,7,1:09:14.70,1:10:32.42,-71:40:39.6,-71:36:48.9
1087,smc,SMC119,8,1:09:13.77,1:10:31.19,-71:48:13.1,-71:50:09.6
1088,smc,SMC120,1,1:22:23.61,1:23:45.55,-72:55:31.9,-73:00:33.8
1089,smc,SMC120,2,1:22:18.73,1:23:41.34,-72:53:34.0,-72:51:14.4
1090,smc,SMC120,3,1:22:17.83,1:23:40.92,-72:38:39.3,-72:42:42.1
1091,smc,SMC120,4,1:22:18.49,1:23:37.43,-72:34:20.2,-72:31:32.0
1092,smc,SMC120,5,1:18:17.92,1:19:38.28,-72:31:23.3,-72:28:20.3
1093,smc,SMC120,6,1:18:17.67,1:19:39.85,-72:37:09.0,-72:38:27.5
1094,smc,SMC120,7,1:18:19.26,1:19:38.73,-72:46:50.8,-72:45:54.6
1095,smc,SMC120,8,1:18:15.70,1:19:38.48,-72:55:43.8,-72:56:41.4
1096,smc,SMC121,1,1:23:27.04,1:24:54.41,-73:31:54.9,-73:38:34.0
1097,smc,SMC121,2,1:23:20.94,1:24:54.41,-73:24:17.0,-73:29:08.3
1098,smc,SMC121,3,1:23:25.23,1:24:51.90,-73:13:26.7,-73:20:18.4
1099,smc,SMC121,4,1:23:27.74,1:24:45.41,-73:05:05.1,-73:08:30.5
1100,smc,SMC121,5,1:19:20.17,1:20:42.25,-73:07:27.8,-73:05:25.8
1101,smc,SMC121,6,1:19:16.76,1:20:42.14,-73:15:27.9,-73:13:26.7
1102,smc,SMC121,7,1:19:16.53,1:20:39.19,-73:24:21.7,-73:29:10.1
1103,smc,SMC121,8,1:19:15.07,1:20:44.90,-73:37:29.8,-73:29:37.9
1104,smc,SMC122,1,1:24:45.22,1:26:04.11,-74:11:44.8,-74:13:09.1
1105,smc,SMC122,2,1:24:39.90,1:26:14.61,-74:00:04.3,-74:03:56.9
1106,smc,SMC122,3,1:24:39.76,1:26:09.37,-73:50:20.9,-73:48:17.1
1107,smc,SMC122,4,1:24:42.12,1:26:02.53,-73:39:10.3,-73:38:33.0
1108,smc,SMC122,5,1:20:16.33,1:21:48.66,-73:42:02.4,-73:40:56.2
1109,smc,SMC122,6,1:20:29.17,1:21:53.58,-73:49:05.5,-73:53:55.2
1110,smc,SMC122,7,1:20:21.50,1:21:51.51,-74:02:08.9,-74:02:08.6
1111,smc,SMC122,8,1:20:19.21,1:21:44.27,-74:04:59.3,-74:12:50.1
1112,smc,SMC123,1,1:21:20.52,1:22:43.32,-72:21:37.8,-72:25:27.9
1113,smc,SMC123,2,1:21:22.53,1:22:37.72,-72:18:14.6,-72:14:10.1
1114,smc,SMC123,3,1:21:22.24,1:22:41.61,-72:08:13.7,-72:01:05.8
1115,smc,SMC123,4,1:21:20.94,1:22:37.96,-72:00:06.1,-71:53:42.2
1116,smc,SMC123,5,1:17:30.50,1:18:49.30,-71:58:05.1,-71:51:56.2
1117,smc,SMC123,6,1:17:31.23,1:18:50.15,-72:02:14.4,-72:06:19.7
1118,smc,SMC123,7,1:17:27.80,1:18:48.90,-72:17:33.5,-72:14:03.8
1119,smc,SMC123,8,1:17:27.53,1:18:47.67,-72:24:05.6,-72:23:19.4
1120,smc,SMC124,1,1:20:19.24,1:21:34.49,-71:43:52.2,-71:48:22.4
1121,smc,SMC124,2,1:20:19.68,1:21:32.50,-71:38:58.1,-71:38:39.5
1122,smc,SMC124,3,1:20:21.27,1:21:33.53,-71:24:46.3,-71:31:36.2
1123,smc,SMC124,4,1:20:17.33,1:21:31.97,-71:19:42.9,-71:21:29.9
1124,smc,SMC124,5,1:16:31.68,1:17:48.66,-71:22:20.9,-71:17:57.0
1125,smc,SMC124,6,1:16:33.14,1:17:50.26,-71:31:01.8,-71:29:57.1
1126,smc,SMC124,7,1:16:29.91,1:17:48.37,-71:43:03.6,-71:33:59.5
1127,smc,SMC124,8,1:16:31.49,1:17:50.53,-71:43:22.8,-71:45:36.1
1128,smc,SMC125,1,0:43:28.39,0:44:53.88,-73:33:57.2,-73:34:57.6
1129,smc,SMC125,2,0:43:29.42,0:44:53.11,-73:26:19.9,-73:24:17.9
1130,smc,SMC125,3,0:43:28.45,0:44:51.92,-73:15:21.5,-73:17:22.9
1131,smc,SMC125,4,0:43:26.40,0:44:50.99,-73:08:02.3,-73:08:22.1
1132,smc,SMC125,5,0:39:20.43,0:40:44.33,-73:07:03.6,-73:06:18.9
1133,smc,SMC125,6,0:39:17.48,0:40:41.71,-73:18:28.6,-73:18:33.2
1134,smc,SMC125,7,0:39:16.91,0:40:41.39,-73:26:40.1,-73:25:30.1
1135,smc,SMC125,8,0:39:16.04,0:40:41.33,-73:31:11.3,-73:37:16.8
1136,smc,SMC126,1,0:43:45.09,0:45:08.51,-72:57:34.0,-72:57:01.7
1137,smc,SMC126,2,0:43:45.32,0:45:06.28,-72:50:51.2,-72:46:56.2
1138,smc,SMC126,3,0:43:43.73,0:45:06.91,-72:38:11.0,-72:40:32.1
1139,smc,SMC126,4,0:43:43.74,0:45:04.56,-72:33:56.6,-72:29:53.0
1140,smc,SMC126,5,0:39:45.65,0:41:07.16,-72:27:43.0,-72:26:29.6
1141,smc,SMC126,6,0:39:43.73,0:41:04.57,-72:42:01.9,-72:41:01.9
1142,smc,SMC126,7,0:39:42.92,0:41:04.85,-72:46:18.3,-72:50:44.7
1143,smc,SMC126,8,0:39:41.48,0:41:05.30,-72:54:10.8,-73:01:56.3
1144,smc,SMC127,1,0:44:11.91,0:45:27.40,-71:24:11.7,-71:26:56.1
1145,smc,SMC127,2,0:44:13.33,0:45:29.08,-71:15:27.0,-71:17:13.8
1146,smc,SMC127,3,0:44:12.52,0:45:22.19,-71:04:26.4,-71:03:57.4
1147,smc,SMC127,4,0:44:20.01,0:45:22.96,-70:58:15.1,-70:57:20.0
1148,smc,SMC127,5,0:40:37.63,0:41:45.10,-70:52:42.4,-70:51:26.4
1149,smc,SMC127,6,0:40:27.68,0:41:51.96,-71:05:15.4,-71:04:15.9
1150,smc,SMC127,7,0:40:29.71,0:41:44.33,-71:16:52.2,-71:13:27.2
1151,smc,SMC127,8,0:40:25.34,0:41:44.89,-71:25:19.2,-71:19:55.3
1152,smc,SMC128,1,0:43:14.12,0:44:41.68,-74:13:34.5,-74:06:10.4
1153,smc,SMC128,2,0:43:14.41,0:44:42.79,-73:57:02.5,-74:01:37.8
1154,smc,SMC128,3,0:43:14.68,0:44:40.89,-73:53:34.0,-73:48:14.0
1155,smc,SMC128,4,0:43:11.80,0:44:38.16,-73:45:57.0,-73:45:23.4
1156,smc,SMC128,5,0:38:56.58,0:40:22.66,-73:44:16.9,-73:41:00.5
1157,smc,SMC128,6,0:38:57.21,0:40:22.66,-73:47:26.0,-73:52:14.3
1158,smc,SMC128,7,0:38:55.09,0:40:20.21,-74:04:00.3,-73:59:51.2
1159,smc,SMC128,8,0:38:53.20,0:40:20.07,-74:10:15.3,-74:07:45.6
1160,smc,SMC129,1,0:43:10.14,0:44:39.66,-74:47:05.5,-74:45:55.1
1161,smc,SMC129,2,0:43:03.48,0:44:35.64,-74:33:20.4,-74:33:27.3
1162,smc,SMC129,3,0:43:05.08,0:44:33.07,-74:25:07.9,-74:24:12.1
1163,smc,SMC129,4,0:43:03.16,0:44:31.83,-74:15:18.0,-74:19:37.3
1164,smc,SMC129,5,0:38:37.81,0:40:07.18,-74:18:00.2,-74:21:01.7
1165,smc,SMC129,6,0:38:38.18,0:40:05.61,-74:23:44.7,-74:28:03.6
1166,smc,SMC129,7,0:38:35.10,0:40:04.41,-74:37:53.4,-74:38:36.3
1167,smc,SMC129,8,0:38:32.07,0:40:04.24,-74:43:20.8,-74:45:52.4
1168,smc,SMC130,1,0:35:28.17,0:36:56.50,-73:30:00.7,-73:37:30.4
1169,smc,SMC130,2,0:35:28.77,0:36:53.52,-73:26:04.2,-73:20:00.7
1170,smc,SMC130,3,0:35:27.59,0:36:52.74,-73:15:07.8,-73:17:51.4
1171,smc,SMC130,4,0:35:26.48,0:36:49.45,-73:01:28.4,-73:08:40.5
1172,smc,SMC130,5,0:31:20.23,0:32:44.46,-73:06:34.9,-73:08:36.7
1173,smc,SMC130,6,0:31:17.66,0:32:42.67,-73:15:20.1,-73:10:46.6
1174,smc,SMC130,7,0:31:17.02,0:32:40.71,-73:23:17.8,-73:23:42.6
1175,smc,SMC130,8,0:31:16.90,0:32:41.40,-73:33:02.2,-73:35:25.5
1176,smc,SMC131,1,0:35:55.00,0:37:16.34,-73:01:47.3,-72:57:31.3
1177,smc,SMC131,2,0:35:53.43,0:37:16.89,-72:50:51.1,-72:52:04.4
1178,smc,SMC131,3,0:35:53.49,0:37:13.20,-72:36:18.2,-72:39:55.4
1179,smc,SMC131,4,0:35:51.13,0:37:13.83,-72:31:29.4,-72:31:11.5
1180,smc,SMC131,5,0:31:54.00,0:33:14.22,-72:26:49.6,-72:26:56.8
1181,smc,SMC131,6,0:31:48.19,0:33:12.48,-72:40:07.9,-72:38:47.4
1182,smc,SMC131,7,0:31:50.06,0:33:12.47,-72:51:27.7,-72:50:27.2
1183,smc,SMC131,8,0:31:51.01,0:33:12.89,-72:55:51.3,-72:59:51.6
1184,smc,SMC132,1,0:37:04.69,0:38:26.78,-71:23:02.7,-71:23:21.4
1185,smc,SMC132,2,0:37:01.70,0:38:22.05,-71:10:53.5,-71:09:58.7
1186,smc,SMC132,3,0:37:09.90,0:38:18.79,-71:02:54.8,-71:05:25.6
1187,smc,SMC132,4,0:37:00.25,0:38:15.55,-70:59:08.7,-70:53:18.8
1188,smc,SMC132,5,0:33:16.50,0:34:40.72,-70:55:52.8,-70:51:07.4
1189,smc,SMC132,6,0:33:32.42,0:34:40.06,-71:02:40.3,-71:07:33.3
1190,smc,SMC132,7,0:33:19.28,0:34:23.75,-71:15:39.2,-71:11:00.0
1191,smc,SMC132,8,0:33:17.83,0:34:34.49,-71:17:58.1,-71:23:44.6
1192,smc,SMC133,1,0:35:03.73,0:36:31.40,-74:11:19.1,-74:12:44.8
1193,smc,SMC133,2,0:35:04.06,0:36:31.12,-74:00:13.6,-73:57:19.7
1194,smc,SMC133,3,0:35:01.06,0:36:28.95,-73:53:11.1,-73:53:05.2
1195,smc,SMC133,4,0:35:01.30,0:36:27.78,-73:45:40.0,-73:38:39.9
1196,smc,SMC133,5,0:30:45.57,0:32:12.69,-73:40:55.7,-73:41:25.7
1197,smc,SMC133,6,0:30:46.77,0:32:12.00,-73:54:56.9,-73:52:57.4
1198,smc,SMC133,7,0:30:45.39,0:32:08.97,-74:03:43.9,-73:56:33.8
1199,smc,SMC133,8,0:30:42.31,0:32:08.90,-74:11:04.5,-74:07:57.4
1200,smc,SMC134,1,0:34:22.37,0:35:53.80,-74:39:35.7,-74:47:18.3
1201,smc,SMC134,2,0:34:24.15,0:35:55.30,-74:35:22.1,-74:37:53.8
1202,smc,SMC134,3,0:34:19.38,0:35:48.73,-74:27:26.0,-74:28:49.8
1203,smc,SMC134,4,0:34:20.73,0:35:50.56,-74:18:57.2,-74:21:02.7
1204,smc,SMC134,5,0:29:55.24,0:31:26.96,-74:14:07.0,-74:18:51.1
1205,smc,SMC134,6,0:29:54.21,0:31:22.66,-74:28:29.0,-74:22:56.5
1206,smc,SMC134,7,0:29:51.99,0:31:22.59,-74:34:23.3,-74:31:29.2
1207,smc,SMC134,8,0:29:51.02,0:31:19.51,-74:42:37.5,-74:41:43.7
1208,smc,SMC135,1,0:27:28.27,0:28:53.71,-73:35:38.0,-73:34:52.9
1209,smc,SMC135,2,0:27:19.89,0:28:50.44,-73:23:16.4,-73:20:05.7
1210,smc,SMC135,3,0:27:25.59,0:28:49.20,-73:13:45.9,-73:14:18.1
1211,smc,SMC135,4,0:27:25.19,0:28:46.29,-73:05:12.8,-73:04:42.1
1212,smc,SMC135,5,0:23:16.73,0:24:42.34,-73:05:52.7,-73:05:06.0
1213,smc,SMC135,6,0:23:17.08,0:24:41.39,-73:14:37.5,-73:14:23.0
1214,smc,SMC135,7,0:23:13.57,0:24:39.61,-73:27:37.5,-73:24:19.5
1215,smc,SMC135,8,0:23:12.05,0:24:38.57,-73:37:17.1,-73:28:41.1
1216,smc,SMC136,1,0:28:08.33,0:29:29.88,-72:59:04.9,-72:54:45.1
1217,smc,SMC136,2,0:28:04.98,0:29:29.72,-72:44:32.7,-72:49:04.8
1218,smc,SMC136,3,0:28:03.59,0:29:29.90,-72:38:20.0,-72:37:53.2
1219,smc,SMC136,4,0:28:07.20,0:29:28.55,-72:32:40.6,-72:28:13.5
1220,smc,SMC136,5,0:24:07.22,0:25:29.10,-72:32:18.9,-72:34:08.1
1221,smc,SMC136,6,0:24:05.82,0:25:31.51,-72:38:22.6,-72:38:28.1
1222,smc,SMC136,7,0:24:06.38,0:25:26.75,-72:50:38.4,-72:50:28.6
1223,smc,SMC136,8,0:24:07.77,0:25:26.65,-73:01:07.9,-73:02:05.1
1224,smc,SMC137,1,0:30:02.02,0:31:04.21,-71:22:10.8,-71:25:39.2
1225,smc,SMC137,2,0:29:52.16,0:31:12.46,-71:12:23.1,-71:16:40.5
1226,smc,SMC137,3,0:29:54.54,0:31:03.47,-71:02:30.9,-71:05:50.3
1227,smc,SMC137,4,0:29:59.24,0:31:13.76,-70:54:45.7,-70:56:50.7
1228,smc,SMC137,5,0:26:13.35,0:27:24.99,-70:51:02.7,-70:51:09.7
1229,smc,SMC137,6,0:26:12.83,0:27:30.86,-71:02:05.0,-71:02:38.6
1230,smc,SMC137,7,0:26:17.42,0:27:20.80,-71:16:43.3,-71:15:57.6
1231,smc,SMC137,8,0:26:16.37,0:27:30.45,-71:23:08.8,-71:21:24.6
1232,smc,SMC138,1,0:26:47.55,0:28:15.32,-74:12:48.7,-74:11:45.6
1233,smc,SMC138,2,0:26:47.41,0:28:15.16,-74:00:12.9,-73:55:27.6
1234,smc,SMC138,3,0:26:45.46,0:28:13.38,-73:49:16.8,-73:48:02.9
1235,smc,SMC138,4,0:26:45.74,0:28:14.59,-73:42:16.1,-73:42:14.7
1236,smc,SMC138,5,0:22:27.41,0:23:56.89,-73:45:51.3,-73:39:15.7
1237,smc,SMC138,6,0:22:32.57,0:23:54.81,-73:50:51.3,-73:54:09.8
1238,smc,SMC138,7,0:22:25.51,0:23:55.95,-74:01:38.8,-74:00:33.9
1239,smc,SMC138,8,0:22:26.05,0:23:56.66,-74:07:27.7,-74:08:22.8
1240,smc,SMC139,1,0:25:37.81,0:27:17.97,-74:40:10.0,-74:41:41.1
1241,smc,SMC139,2,0:25:56.23,0:27:20.60,-74:38:46.6,-74:34:28.7
1242,smc,SMC139,3,0:25:41.39,0:27:15.38,-74:22:23.9,-74:23:23.2
1243,smc,SMC139,4,0:25:46.76,0:27:12.27,-74:18:28.8,-74:13:46.4
1244,smc,SMC139,5,0:21:21.99,0:22:47.69,-74:13:42.1,-74:15:56.0
1245,smc,SMC139,6,0:21:16.23,0:22:45.76,-74:28:08.4,-74:22:21.0
1246,smc,SMC139,7,0:21:18.22,0:22:40.44,-74:31:17.2,-74:34:01.2
1247,smc,SMC139,8,0:21:15.59,0:22:46.43,-74:45:34.1,-74:40:47.8
1248,smc,SMC140,1,0:25:27.01,0:26:46.50,-72:14:20.1,-72:19:15.3
1249,smc,SMC140,2,0:25:26.01,0:26:43.92,-72:12:45.7,-72:06:45.6
1250,smc,SMC140,3,0:25:25.33,0:26:43.95,-72:01:01.4,-72:04:37.1
1251,smc,SMC140,4,0:25:26.12,0:26:43.10,-71:52:09.5,-71:55:48.9
1252,smc,SMC140,5,0:21:33.00,0:22:52.31,-71:51:46.4,-71:55:44.4
1253,smc,SMC140,6,0:21:33.89,0:22:51.55,-71:55:51.1,-72:04:12.4
1254,smc,SMC140,7,0:21:33.39,0:22:50.98,-72:13:02.1,-72:11:45.8
1255,smc,SMC140,8,0:21:32.21,0:22:50.78,-72:22:43.0,-72:21:31.7
